TRUNCATE allocated_activity, planned_activity, employee_skill_set, employee_interest, salary_history, employee, course_instance_period, course_instance, course_layout, course, person_email, person_phone, person, teaching_activity, skill_set, interest, job_title, department, phone, email, system_config RESTART IDENTITY CASCADE;
INSERT INTO system_config (config_value, description) VALUES ('4', 'employee_max_courses');
INSERT INTO department (department_name, manager_id) VALUES ('Computer Science', NULL);
INSERT INTO department (department_name, manager_id) VALUES ('Mathematics', NULL);
INSERT INTO department (department_name, manager_id) VALUES ('Applied Physics', NULL);
INSERT INTO department (department_name, manager_id) VALUES ('Industrial Management', NULL);
INSERT INTO department (department_name, manager_id) VALUES ('Electrical Engineering', NULL);
INSERT INTO job_title (job_title) VALUES ('Professor');
INSERT INTO job_title (job_title) VALUES ('Associate Professor');
INSERT INTO job_title (job_title) VALUES ('Lecturer');
INSERT INTO job_title (job_title) VALUES ('PhD Student');
INSERT INTO job_title (job_title) VALUES ('Course Admin');
INSERT INTO job_title (job_title) VALUES ('Teaching Assistant');
INSERT INTO skill_set (skill_set) VALUES ('Python');
INSERT INTO skill_set (skill_set) VALUES ('Java');
INSERT INTO skill_set (skill_set) VALUES ('C++');
INSERT INTO skill_set (skill_set) VALUES ('Matlab');
INSERT INTO skill_set (skill_set) VALUES ('Statistics');
INSERT INTO skill_set (skill_set) VALUES ('Machine Learning');
INSERT INTO skill_set (skill_set) VALUES ('Pedagogy');
INSERT INTO skill_set (skill_set) VALUES ('Academic Writing');
INSERT INTO interest (interest) VALUES ('AI');
INSERT INTO interest (interest) VALUES ('Robotics');
INSERT INTO interest (interest) VALUES ('Game Design');
INSERT INTO interest (interest) VALUES ('Network Security');
INSERT INTO interest (interest) VALUES ('Bioinformatics');
INSERT INTO interest (interest) VALUES ('Sustainable Tech');
INSERT INTO teaching_activity (activity_name, factor) VALUES ('Lecture', 1.8);
INSERT INTO teaching_activity (activity_name, factor) VALUES ('Lab', 1.5);
INSERT INTO teaching_activity (activity_name, factor) VALUES ('Seminar', 1.3);
INSERT INTO teaching_activity (activity_name, factor) VALUES ('Tutorial', 1.25);
INSERT INTO teaching_activity (activity_name, factor) VALUES ('Other', 1.0);
INSERT INTO teaching_activity (activity_name, factor) VALUES ('Exam', 1.0);
INSERT INTO teaching_activity (activity_name, factor) VALUES ('Admin', 1.0);
INSERT INTO person (personal_number, first_name, last_name, street, zip, city) VALUES ('5005279095', 'Henrik', 'Dahlberg', 'Villagatan 2', '59616', 'Karlstad');
INSERT INTO phone (phone) VALUES ('000-491 61 17');
INSERT INTO email (email) VALUES ('henrik.dahlberg_1@kth.se');
INSERT INTO person_phone (person_id, phone_id) VALUES (1, 1);
INSERT INTO person_email (person_id, email_id) VALUES (1, 1);
INSERT INTO employee (person_id, job_title_id, supervisor_id, employment_id, department_id) VALUES (1, 5, NULL, 'kth-0001', 1);
INSERT INTO salary_history (employee_id, amount, valid_from) VALUES (1, 79775, '2020-01-01');
INSERT INTO employee_skill_set (employee_id, skill_set_id) VALUES (1, 7);
INSERT INTO employee_interest (employee_id, interest_id) VALUES (1, 3);
INSERT INTO person (personal_number, first_name, last_name, street, zip, city) VALUES ('5012159702', 'Daniel', 'Landström', 'Ekstigen 5', '63382', 'Mölndal');
INSERT INTO phone (phone) VALUES ('08-524 51 25');
INSERT INTO email (email) VALUES ('daniel.landström_2@kth.se');
INSERT INTO person_phone (person_id, phone_id) VALUES (2, 2);
INSERT INTO person_email (person_id, email_id) VALUES (2, 2);
INSERT INTO employee (person_id, job_title_id, supervisor_id, employment_id, department_id) VALUES (2, 2, 1, 'kth-0002', 3);
INSERT INTO salary_history (employee_id, amount, valid_from) VALUES (2, 75020, '2020-01-01');
INSERT INTO employee_skill_set (employee_id, skill_set_id) VALUES (2, 3);
INSERT INTO employee_interest (employee_id, interest_id) VALUES (2, 3);
INSERT INTO person (personal_number, first_name, last_name, street, zip, city) VALUES ('0207033127', 'Alvin', 'Johnsson', 'Kvarnvägen 87', '41905', 'Lund');
INSERT INTO phone (phone) VALUES ('046-452 93 56');
INSERT INTO email (email) VALUES ('alvin.johnsson_3@kth.se');
INSERT INTO person_phone (person_id, phone_id) VALUES (3, 3);
INSERT INTO person_email (person_id, email_id) VALUES (3, 3);
INSERT INTO employee (person_id, job_title_id, supervisor_id, employment_id, department_id) VALUES (3, 2, 2, 'kth-0003', 3);
INSERT INTO salary_history (employee_id, amount, valid_from) VALUES (3, 69044, '2020-01-01');
INSERT INTO employee_skill_set (employee_id, skill_set_id) VALUES (3, 1);
INSERT INTO employee_interest (employee_id, interest_id) VALUES (3, 4);
INSERT INTO person (personal_number, first_name, last_name, street, zip, city) VALUES ('4110015700', 'Melwin', 'Karlsson', 'Industrivägen 506', '15478', 'Sandviken');
INSERT INTO phone (phone) VALUES ('057-23 58 96');
INSERT INTO email (email) VALUES ('melwin.karlsson_4@kth.se');
INSERT INTO person_phone (person_id, phone_id) VALUES (4, 4);
INSERT INTO person_email (person_id, email_id) VALUES (4, 4);
INSERT INTO employee (person_id, job_title_id, supervisor_id, employment_id, department_id) VALUES (4, 6, 1, 'kth-0004', 5);
INSERT INTO salary_history (employee_id, amount, valid_from) VALUES (4, 76895, '2020-01-01');
INSERT INTO employee_skill_set (employee_id, skill_set_id) VALUES (4, 5);
INSERT INTO employee_interest (employee_id, interest_id) VALUES (4, 4);
INSERT INTO person (personal_number, first_name, last_name, street, zip, city) VALUES ('5207028183', 'Henrik', 'Hedberg', 'Kyrkotorget 63', '32206', 'Lund');
INSERT INTO phone (phone) VALUES ('039-18 47 30');
INSERT INTO email (email) VALUES ('henrik.hedberg_5@kth.se');
INSERT INTO person_phone (person_id, phone_id) VALUES (5, 5);
INSERT INTO person_email (person_id, email_id) VALUES (5, 5);
INSERT INTO employee (person_id, job_title_id, supervisor_id, employment_id, department_id) VALUES (5, 2, 3, 'kth-0005', 1);
INSERT INTO salary_history (employee_id, amount, valid_from) VALUES (5, 59188, '2020-01-01');
INSERT INTO employee_skill_set (employee_id, skill_set_id) VALUES (5, 3);
INSERT INTO employee_interest (employee_id, interest_id) VALUES (5, 3);
INSERT INTO person (personal_number, first_name, last_name, street, zip, city) VALUES ('9302098125', 'Sandra', 'Henriksson', 'Ängstorget 741', '50824', 'Halmstad');
INSERT INTO phone (phone) VALUES ('+46 (0)72 20 87');
INSERT INTO email (email) VALUES ('sandra.henriksson_6@kth.se');
INSERT INTO person_phone (person_id, phone_id) VALUES (6, 6);
INSERT INTO person_email (person_id, email_id) VALUES (6, 6);
INSERT INTO employee (person_id, job_title_id, supervisor_id, employment_id, department_id) VALUES (6, 2, 3, 'kth-0006', 5);
INSERT INTO salary_history (employee_id, amount, valid_from) VALUES (6, 64593, '2020-01-01');
INSERT INTO employee_skill_set (employee_id, skill_set_id) VALUES (6, 2);
INSERT INTO employee_interest (employee_id, interest_id) VALUES (6, 6);
INSERT INTO person (personal_number, first_name, last_name, street, zip, city) VALUES ('6309117759', 'Linnéa', 'Berglund', 'Bäcktorget 070', '48254', 'Växjö');
INSERT INTO phone (phone) VALUES ('08-03 83 97');
INSERT INTO email (email) VALUES ('linnéa.berglund_7@kth.se');
INSERT INTO person_phone (person_id, phone_id) VALUES (7, 7);
INSERT INTO person_email (person_id, email_id) VALUES (7, 7);
INSERT INTO employee (person_id, job_title_id, supervisor_id, employment_id, department_id) VALUES (7, 6, 4, 'kth-0007', 3);
INSERT INTO salary_history (employee_id, amount, valid_from) VALUES (7, 40168, '2020-01-01');
INSERT INTO employee_skill_set (employee_id, skill_set_id) VALUES (7, 2);
INSERT INTO employee_interest (employee_id, interest_id) VALUES (7, 6);
INSERT INTO person (personal_number, first_name, last_name, street, zip, city) VALUES ('7605036479', 'Olof', 'Edström', 'Villavägen 587', '65482', 'Nyköping');
INSERT INTO phone (phone) VALUES ('+46 (0)42 54 98');
INSERT INTO email (email) VALUES ('olof.edström_8@kth.se');
INSERT INTO person_phone (person_id, phone_id) VALUES (8, 8);
INSERT INTO person_email (person_id, email_id) VALUES (8, 8);
INSERT INTO employee (person_id, job_title_id, supervisor_id, employment_id, department_id) VALUES (8, 4, 5, 'kth-0008', 4);
INSERT INTO salary_history (employee_id, amount, valid_from) VALUES (8, 49667, '2020-01-01');
INSERT INTO employee_skill_set (employee_id, skill_set_id) VALUES (8, 4);
INSERT INTO employee_interest (employee_id, interest_id) VALUES (8, 4);
INSERT INTO person (personal_number, first_name, last_name, street, zip, city) VALUES ('6207143550', 'Linnéa', 'Bengtsson', 'Furuvägen 159', '69553', 'Södertälje');
INSERT INTO phone (phone) VALUES ('0718-303 82');
INSERT INTO email (email) VALUES ('linnéa.bengtsson_9@kth.se');
INSERT INTO person_phone (person_id, phone_id) VALUES (9, 9);
INSERT INTO person_email (person_id, email_id) VALUES (9, 9);
INSERT INTO employee (person_id, job_title_id, supervisor_id, employment_id, department_id) VALUES (9, 6, 5, 'kth-0009', 3);
INSERT INTO salary_history (employee_id, amount, valid_from) VALUES (9, 53845, '2020-01-01');
INSERT INTO employee_skill_set (employee_id, skill_set_id) VALUES (9, 7);
INSERT INTO employee_interest (employee_id, interest_id) VALUES (9, 2);
INSERT INTO person (personal_number, first_name, last_name, street, zip, city) VALUES ('6912022867', 'Christian', 'Andersson', 'Gentorget 14', '89014', 'Stockholm');
INSERT INTO phone (phone) VALUES ('08-124 85 82');
INSERT INTO email (email) VALUES ('christian.andersson_10@kth.se');
INSERT INTO person_phone (person_id, phone_id) VALUES (10, 10);
INSERT INTO person_email (person_id, email_id) VALUES (10, 10);
INSERT INTO employee (person_id, job_title_id, supervisor_id, employment_id, department_id) VALUES (10, 5, 4, 'kth-0010', 5);
INSERT INTO salary_history (employee_id, amount, valid_from) VALUES (10, 72512, '2020-01-01');
INSERT INTO employee_skill_set (employee_id, skill_set_id) VALUES (10, 7);
INSERT INTO employee_interest (employee_id, interest_id) VALUES (10, 5);
INSERT INTO person (personal_number, first_name, last_name, street, zip, city) VALUES ('4108309354', 'Marcus', 'Lundh', 'Ängsgatan 578', '41780', 'Östersund');
INSERT INTO phone (phone) VALUES ('+46 (0)894 137 ');
INSERT INTO email (email) VALUES ('marcus.lundh_11@kth.se');
INSERT INTO person_phone (person_id, phone_id) VALUES (11, 11);
INSERT INTO person_email (person_id, email_id) VALUES (11, 11);
INSERT INTO employee (person_id, job_title_id, supervisor_id, employment_id, department_id) VALUES (11, 3, 2, 'kth-0011', 2);
INSERT INTO salary_history (employee_id, amount, valid_from) VALUES (11, 72228, '2020-01-01');
INSERT INTO employee_skill_set (employee_id, skill_set_id) VALUES (11, 8);
INSERT INTO employee_interest (employee_id, interest_id) VALUES (11, 4);
INSERT INTO person (personal_number, first_name, last_name, street, zip, city) VALUES ('6201178917', 'Erik', 'Eriksson', 'Parktorget 222', '82072', 'Gävle');
INSERT INTO phone (phone) VALUES ('0636-141 18');
INSERT INTO email (email) VALUES ('erik.eriksson_12@kth.se');
INSERT INTO person_phone (person_id, phone_id) VALUES (12, 12);
INSERT INTO person_email (person_id, email_id) VALUES (12, 12);
INSERT INTO employee (person_id, job_title_id, supervisor_id, employment_id, department_id) VALUES (12, 2, 2, 'kth-0012', 3);
INSERT INTO salary_history (employee_id, amount, valid_from) VALUES (12, 71280, '2020-01-01');
INSERT INTO employee_skill_set (employee_id, skill_set_id) VALUES (12, 7);
INSERT INTO employee_interest (employee_id, interest_id) VALUES (12, 1);
INSERT INTO person (personal_number, first_name, last_name, street, zip, city) VALUES ('4406157232', 'Patrik', 'Palm', 'Grangränd 9', '34982', 'Lidköping');
INSERT INTO phone (phone) VALUES ('08-78 62 89');
INSERT INTO email (email) VALUES ('patrik.palm_13@kth.se');
INSERT INTO person_phone (person_id, phone_id) VALUES (13, 13);
INSERT INTO person_email (person_id, email_id) VALUES (13, 13);
INSERT INTO employee (person_id, job_title_id, supervisor_id, employment_id, department_id) VALUES (13, 5, 3, 'kth-0013', 1);
INSERT INTO salary_history (employee_id, amount, valid_from) VALUES (13, 65029, '2020-01-01');
INSERT INTO employee_skill_set (employee_id, skill_set_id) VALUES (13, 7);
INSERT INTO employee_interest (employee_id, interest_id) VALUES (13, 3);
INSERT INTO person (personal_number, first_name, last_name, street, zip, city) VALUES ('6802283736', 'Stina', 'Strandberg', 'Villavägen 679', '50238', 'Lidingö');
INSERT INTO phone (phone) VALUES ('0539-12 45 17');
INSERT INTO email (email) VALUES ('stina.strandberg_14@kth.se');
INSERT INTO person_phone (person_id, phone_id) VALUES (14, 14);
INSERT INTO person_email (person_id, email_id) VALUES (14, 14);
INSERT INTO employee (person_id, job_title_id, supervisor_id, employment_id, department_id) VALUES (14, 4, 5, 'kth-0014', 1);
INSERT INTO salary_history (employee_id, amount, valid_from) VALUES (14, 36579, '2020-01-01');
INSERT INTO employee_skill_set (employee_id, skill_set_id) VALUES (14, 2);
INSERT INTO employee_interest (employee_id, interest_id) VALUES (14, 3);
INSERT INTO person (personal_number, first_name, last_name, street, zip, city) VALUES ('9206043425', 'Anders', 'Englund', 'Stationsstigen 863', '97210', 'Karlskoga');
INSERT INTO phone (phone) VALUES ('+46 (0)8 686 56');
INSERT INTO email (email) VALUES ('anders.englund_15@kth.se');
INSERT INTO person_phone (person_id, phone_id) VALUES (15, 15);
INSERT INTO person_email (person_id, email_id) VALUES (15, 15);
INSERT INTO employee (person_id, job_title_id, supervisor_id, employment_id, department_id) VALUES (15, 6, 8, 'kth-0015', 4);
INSERT INTO salary_history (employee_id, amount, valid_from) VALUES (15, 65615, '2020-01-01');
INSERT INTO employee_skill_set (employee_id, skill_set_id) VALUES (15, 2);
INSERT INTO employee_interest (employee_id, interest_id) VALUES (15, 6);
INSERT INTO person (personal_number, first_name, last_name, street, zip, city) VALUES ('0302026323', 'Colin', 'Lindquist', 'Parkgatan 1', '26103', 'Örebro');
INSERT INTO phone (phone) VALUES ('+46 (0)8 152 33');
INSERT INTO email (email) VALUES ('colin.lindquist_16@kth.se');
INSERT INTO person_phone (person_id, phone_id) VALUES (16, 16);
INSERT INTO person_email (person_id, email_id) VALUES (16, 16);
INSERT INTO employee (person_id, job_title_id, supervisor_id, employment_id, department_id) VALUES (16, 2, 12, 'kth-0016', 1);
INSERT INTO salary_history (employee_id, amount, valid_from) VALUES (16, 36785, '2020-01-01');
INSERT INTO employee_skill_set (employee_id, skill_set_id) VALUES (16, 6);
INSERT INTO employee_interest (employee_id, interest_id) VALUES (16, 3);
INSERT INTO person (personal_number, first_name, last_name, street, zip, city) VALUES ('6407132528', 'Olof', 'Sjöholm', 'Ektorget 601', '63886', 'Lidköping');
INSERT INTO phone (phone) VALUES ('+46 (0)355 409 ');
INSERT INTO email (email) VALUES ('olof.sjöholm_17@kth.se');
INSERT INTO person_phone (person_id, phone_id) VALUES (17, 17);
INSERT INTO person_email (person_id, email_id) VALUES (17, 17);
INSERT INTO employee (person_id, job_title_id, supervisor_id, employment_id, department_id) VALUES (17, 4, 5, 'kth-0017', 2);
INSERT INTO salary_history (employee_id, amount, valid_from) VALUES (17, 81488, '2020-01-01');
INSERT INTO employee_skill_set (employee_id, skill_set_id) VALUES (17, 8);
INSERT INTO employee_interest (employee_id, interest_id) VALUES (17, 2);
INSERT INTO person (personal_number, first_name, last_name, street, zip, city) VALUES ('5707091855', 'Maria', 'Karlsson', 'Järnvägsgatan 56', '11558', 'Norrköping');
INSERT INTO phone (phone) VALUES ('090-279 36 43');
INSERT INTO email (email) VALUES ('maria.karlsson_18@kth.se');
INSERT INTO person_phone (person_id, phone_id) VALUES (18, 18);
INSERT INTO person_email (person_id, email_id) VALUES (18, 18);
INSERT INTO employee (person_id, job_title_id, supervisor_id, employment_id, department_id) VALUES (18, 3, 14, 'kth-0018', 2);
INSERT INTO salary_history (employee_id, amount, valid_from) VALUES (18, 79135, '2020-01-01');
INSERT INTO employee_skill_set (employee_id, skill_set_id) VALUES (18, 2);
INSERT INTO employee_interest (employee_id, interest_id) VALUES (18, 2);
INSERT INTO person (personal_number, first_name, last_name, street, zip, city) VALUES ('3602188769', 'Lars', 'Andersson', 'Strandgatan 25', '29646', 'Halmstad');
INSERT INTO phone (phone) VALUES ('009-777 91 09');
INSERT INTO email (email) VALUES ('lars.andersson_19@kth.se');
INSERT INTO person_phone (person_id, phone_id) VALUES (19, 19);
INSERT INTO person_email (person_id, email_id) VALUES (19, 19);
INSERT INTO employee (person_id, job_title_id, supervisor_id, employment_id, department_id) VALUES (19, 1, 10, 'kth-0019', 5);
INSERT INTO salary_history (employee_id, amount, valid_from) VALUES (19, 79316, '2020-01-01');
INSERT INTO employee_skill_set (employee_id, skill_set_id) VALUES (19, 1);
INSERT INTO employee_interest (employee_id, interest_id) VALUES (19, 4);
INSERT INTO person (personal_number, first_name, last_name, street, zip, city) VALUES ('4907304820', 'Tage', 'Mattsson', 'Stortorget 0', '98141', 'Karlskrona');
INSERT INTO phone (phone) VALUES ('+46 (0)54 53 59');
INSERT INTO email (email) VALUES ('tage.mattsson_20@kth.se');
INSERT INTO person_phone (person_id, phone_id) VALUES (20, 20);
INSERT INTO person_email (person_id, email_id) VALUES (20, 20);
INSERT INTO employee (person_id, job_title_id, supervisor_id, employment_id, department_id) VALUES (20, 3, 17, 'kth-0020', 2);
INSERT INTO salary_history (employee_id, amount, valid_from) VALUES (20, 45780, '2020-01-01');
INSERT INTO employee_skill_set (employee_id, skill_set_id) VALUES (20, 4);
INSERT INTO employee_interest (employee_id, interest_id) VALUES (20, 4);
INSERT INTO person (personal_number, first_name, last_name, street, zip, city) VALUES ('3907213494', 'Eleonor', 'Pettersson', 'Parkgränd 7', '83373', 'Södertälje');
INSERT INTO phone (phone) VALUES ('+46 (0)94 90 85');
INSERT INTO email (email) VALUES ('eleonor.pettersson_21@kth.se');
INSERT INTO person_phone (person_id, phone_id) VALUES (21, 21);
INSERT INTO person_email (person_id, email_id) VALUES (21, 21);
INSERT INTO employee (person_id, job_title_id, supervisor_id, employment_id, department_id) VALUES (21, 5, 20, 'kth-0021', 2);
INSERT INTO salary_history (employee_id, amount, valid_from) VALUES (21, 57310, '2020-01-01');
INSERT INTO employee_skill_set (employee_id, skill_set_id) VALUES (21, 4);
INSERT INTO employee_interest (employee_id, interest_id) VALUES (21, 3);
INSERT INTO person (personal_number, first_name, last_name, street, zip, city) VALUES ('6404305507', 'Michaela', 'Johansson', 'Åkergatan 41', '40384', 'Eskilstuna');
INSERT INTO phone (phone) VALUES ('08-277 866 52');
INSERT INTO email (email) VALUES ('michaela.johansson_22@kth.se');
INSERT INTO person_phone (person_id, phone_id) VALUES (22, 22);
INSERT INTO person_email (person_id, email_id) VALUES (22, 22);
INSERT INTO employee (person_id, job_title_id, supervisor_id, employment_id, department_id) VALUES (22, 5, 6, 'kth-0022', 1);
INSERT INTO salary_history (employee_id, amount, valid_from) VALUES (22, 52723, '2020-01-01');
INSERT INTO employee_skill_set (employee_id, skill_set_id) VALUES (22, 2);
INSERT INTO employee_interest (employee_id, interest_id) VALUES (22, 1);
INSERT INTO person (personal_number, first_name, last_name, street, zip, city) VALUES ('7010289952', 'Katrin', 'Andersson', 'Ringstigen 39', '76310', 'Södertälje');
INSERT INTO phone (phone) VALUES ('0296-32 83 86');
INSERT INTO email (email) VALUES ('katrin.andersson_23@kth.se');
INSERT INTO person_phone (person_id, phone_id) VALUES (23, 23);
INSERT INTO person_email (person_id, email_id) VALUES (23, 23);
INSERT INTO employee (person_id, job_title_id, supervisor_id, employment_id, department_id) VALUES (23, 5, 22, 'kth-0023', 5);
INSERT INTO salary_history (employee_id, amount, valid_from) VALUES (23, 71198, '2020-01-01');
INSERT INTO employee_skill_set (employee_id, skill_set_id) VALUES (23, 4);
INSERT INTO employee_interest (employee_id, interest_id) VALUES (23, 6);
INSERT INTO person (personal_number, first_name, last_name, street, zip, city) VALUES ('3701014155', 'Ines', 'Österberg', 'Kyrkotorget 23', '51522', 'Varberg');
INSERT INTO phone (phone) VALUES ('+46 (0)67 93 85');
INSERT INTO email (email) VALUES ('ines.österberg_24@kth.se');
INSERT INTO person_phone (person_id, phone_id) VALUES (24, 24);
INSERT INTO person_email (person_id, email_id) VALUES (24, 24);
INSERT INTO employee (person_id, job_title_id, supervisor_id, employment_id, department_id) VALUES (24, 3, 7, 'kth-0024', 4);
INSERT INTO salary_history (employee_id, amount, valid_from) VALUES (24, 54339, '2020-01-01');
INSERT INTO employee_skill_set (employee_id, skill_set_id) VALUES (24, 7);
INSERT INTO employee_interest (employee_id, interest_id) VALUES (24, 6);
INSERT INTO person (personal_number, first_name, last_name, street, zip, city) VALUES ('9602268139', 'Linnéa', 'Hägg', 'Järnvägsvägen 740', '65724', 'Alingsås');
INSERT INTO phone (phone) VALUES ('+46 (0)870 879 ');
INSERT INTO email (email) VALUES ('linnéa.hägg_25@kth.se');
INSERT INTO person_phone (person_id, phone_id) VALUES (25, 25);
INSERT INTO person_email (person_id, email_id) VALUES (25, 25);
INSERT INTO employee (person_id, job_title_id, supervisor_id, employment_id, department_id) VALUES (25, 1, 15, 'kth-0025', 3);
INSERT INTO salary_history (employee_id, amount, valid_from) VALUES (25, 71747, '2020-01-01');
INSERT INTO employee_skill_set (employee_id, skill_set_id) VALUES (25, 2);
INSERT INTO employee_interest (employee_id, interest_id) VALUES (25, 1);
INSERT INTO person (personal_number, first_name, last_name, street, zip, city) VALUES ('4406107575', 'Henrik', 'Jonsson', 'Nytorget 997', '57992', 'Piteå');
INSERT INTO phone (phone) VALUES ('08-293 78 76');
INSERT INTO email (email) VALUES ('henrik.jonsson_26@kth.se');
INSERT INTO person_phone (person_id, phone_id) VALUES (26, 26);
INSERT INTO person_email (person_id, email_id) VALUES (26, 26);
INSERT INTO employee (person_id, job_title_id, supervisor_id, employment_id, department_id) VALUES (26, 4, 19, 'kth-0026', 5);
INSERT INTO salary_history (employee_id, amount, valid_from) VALUES (26, 42861, '2020-01-01');
INSERT INTO employee_skill_set (employee_id, skill_set_id) VALUES (26, 1);
INSERT INTO employee_interest (employee_id, interest_id) VALUES (26, 6);
INSERT INTO person (personal_number, first_name, last_name, street, zip, city) VALUES ('5206301110', 'Kristina', 'Edin', 'Skolgatan 81', '78880', 'Gävle');
INSERT INTO phone (phone) VALUES ('08-795 59 68');
INSERT INTO email (email) VALUES ('kristina.edin_27@kth.se');
INSERT INTO person_phone (person_id, phone_id) VALUES (27, 27);
INSERT INTO person_email (person_id, email_id) VALUES (27, 27);
INSERT INTO employee (person_id, job_title_id, supervisor_id, employment_id, department_id) VALUES (27, 2, 15, 'kth-0027', 5);
INSERT INTO salary_history (employee_id, amount, valid_from) VALUES (27, 57115, '2020-01-01');
INSERT INTO employee_skill_set (employee_id, skill_set_id) VALUES (27, 3);
INSERT INTO employee_interest (employee_id, interest_id) VALUES (27, 3);
INSERT INTO person (personal_number, first_name, last_name, street, zip, city) VALUES ('5006012719', 'Elias', 'Eriksson', 'Skolgränd 3', '60466', 'Sundsvall');
INSERT INTO phone (phone) VALUES ('059-69 00 36');
INSERT INTO email (email) VALUES ('elias.eriksson_28@kth.se');
INSERT INTO person_phone (person_id, phone_id) VALUES (28, 28);
INSERT INTO person_email (person_id, email_id) VALUES (28, 28);
INSERT INTO employee (person_id, job_title_id, supervisor_id, employment_id, department_id) VALUES (28, 1, 11, 'kth-0028', 4);
INSERT INTO salary_history (employee_id, amount, valid_from) VALUES (28, 75413, '2020-01-01');
INSERT INTO employee_skill_set (employee_id, skill_set_id) VALUES (28, 4);
INSERT INTO employee_interest (employee_id, interest_id) VALUES (28, 5);
INSERT INTO person (personal_number, first_name, last_name, street, zip, city) VALUES ('9007127328', 'Gunilla', 'Strandberg', 'Parkgatan 89', '62517', 'Lidköping');
INSERT INTO phone (phone) VALUES ('0280-50 75 80');
INSERT INTO email (email) VALUES ('gunilla.strandberg_29@kth.se');
INSERT INTO person_phone (person_id, phone_id) VALUES (29, 29);
INSERT INTO person_email (person_id, email_id) VALUES (29, 29);
INSERT INTO employee (person_id, job_title_id, supervisor_id, employment_id, department_id) VALUES (29, 6, 21, 'kth-0029', 3);
INSERT INTO salary_history (employee_id, amount, valid_from) VALUES (29, 69747, '2020-01-01');
INSERT INTO employee_skill_set (employee_id, skill_set_id) VALUES (29, 5);
INSERT INTO employee_interest (employee_id, interest_id) VALUES (29, 3);
INSERT INTO person (personal_number, first_name, last_name, street, zip, city) VALUES ('3611296751', 'Christina', 'Hanna', 'Strandvägen 202', '20633', 'Helsingborg');
INSERT INTO phone (phone) VALUES ('0586-614 51');
INSERT INTO email (email) VALUES ('christina.hanna_30@kth.se');
INSERT INTO person_phone (person_id, phone_id) VALUES (30, 30);
INSERT INTO person_email (person_id, email_id) VALUES (30, 30);
INSERT INTO employee (person_id, job_title_id, supervisor_id, employment_id, department_id) VALUES (30, 3, 14, 'kth-0030', 3);
INSERT INTO salary_history (employee_id, amount, valid_from) VALUES (30, 61727, '2020-01-01');
INSERT INTO employee_skill_set (employee_id, skill_set_id) VALUES (30, 8);
INSERT INTO employee_interest (employee_id, interest_id) VALUES (30, 3);
INSERT INTO person (personal_number, first_name, last_name, street, zip, city) VALUES ('4712252305', 'Björn', 'Adolfsson', 'Backgatan 48', '78864', 'Karlskrona');
INSERT INTO phone (phone) VALUES ('08-99 33 57');
INSERT INTO email (email) VALUES ('björn.adolfsson_31@kth.se');
INSERT INTO person_phone (person_id, phone_id) VALUES (31, 31);
INSERT INTO person_email (person_id, email_id) VALUES (31, 31);
INSERT INTO employee (person_id, job_title_id, supervisor_id, employment_id, department_id) VALUES (31, 1, 16, 'kth-0031', 1);
INSERT INTO salary_history (employee_id, amount, valid_from) VALUES (31, 68817, '2020-01-01');
INSERT INTO employee_skill_set (employee_id, skill_set_id) VALUES (31, 3);
INSERT INTO employee_interest (employee_id, interest_id) VALUES (31, 4);
INSERT INTO person (personal_number, first_name, last_name, street, zip, city) VALUES ('8112156529', 'Stig', 'Jonsson', 'Granvägen 376', '31352', 'Nyköping');
INSERT INTO phone (phone) VALUES ('+46 (0)8 562 55');
INSERT INTO email (email) VALUES ('stig.jonsson_32@kth.se');
INSERT INTO person_phone (person_id, phone_id) VALUES (32, 32);
INSERT INTO person_email (person_id, email_id) VALUES (32, 32);
INSERT INTO employee (person_id, job_title_id, supervisor_id, employment_id, department_id) VALUES (32, 2, 11, 'kth-0032', 1);
INSERT INTO salary_history (employee_id, amount, valid_from) VALUES (32, 53323, '2020-01-01');
INSERT INTO employee_skill_set (employee_id, skill_set_id) VALUES (32, 7);
INSERT INTO employee_interest (employee_id, interest_id) VALUES (32, 2);
INSERT INTO person (personal_number, first_name, last_name, street, zip, city) VALUES ('4804010462', 'Lars', 'Holmström', 'Parkgatan 9', '22317', 'Ängelholm');
INSERT INTO phone (phone) VALUES ('007-04 12 09');
INSERT INTO email (email) VALUES ('lars.holmström_33@kth.se');
INSERT INTO person_phone (person_id, phone_id) VALUES (33, 33);
INSERT INTO person_email (person_id, email_id) VALUES (33, 33);
INSERT INTO employee (person_id, job_title_id, supervisor_id, employment_id, department_id) VALUES (33, 3, 13, 'kth-0033', 4);
INSERT INTO salary_history (employee_id, amount, valid_from) VALUES (33, 49991, '2020-01-01');
INSERT INTO employee_skill_set (employee_id, skill_set_id) VALUES (33, 7);
INSERT INTO employee_interest (employee_id, interest_id) VALUES (33, 5);
INSERT INTO person (personal_number, first_name, last_name, street, zip, city) VALUES ('6002254412', 'Anneli', 'Saleh', 'Aspvägen 5', '78021', 'Skövde');
INSERT INTO phone (phone) VALUES ('098-036 38 75');
INSERT INTO email (email) VALUES ('anneli.saleh_34@kth.se');
INSERT INTO person_phone (person_id, phone_id) VALUES (34, 34);
INSERT INTO person_email (person_id, email_id) VALUES (34, 34);
INSERT INTO employee (person_id, job_title_id, supervisor_id, employment_id, department_id) VALUES (34, 1, 33, 'kth-0034', 2);
INSERT INTO salary_history (employee_id, amount, valid_from) VALUES (34, 45235, '2020-01-01');
INSERT INTO employee_skill_set (employee_id, skill_set_id) VALUES (34, 7);
INSERT INTO employee_interest (employee_id, interest_id) VALUES (34, 6);
INSERT INTO person (personal_number, first_name, last_name, street, zip, city) VALUES ('3703031421', 'Sven', 'Borg', 'Stortorget 9', '69080', 'Mölndal');
INSERT INTO phone (phone) VALUES ('+46 (0)199 570 ');
INSERT INTO email (email) VALUES ('sven.borg_35@kth.se');
INSERT INTO person_phone (person_id, phone_id) VALUES (35, 35);
INSERT INTO person_email (person_id, email_id) VALUES (35, 35);
INSERT INTO employee (person_id, job_title_id, supervisor_id, employment_id, department_id) VALUES (35, 6, 11, 'kth-0035', 3);
INSERT INTO salary_history (employee_id, amount, valid_from) VALUES (35, 54920, '2020-01-01');
INSERT INTO employee_skill_set (employee_id, skill_set_id) VALUES (35, 5);
INSERT INTO employee_interest (employee_id, interest_id) VALUES (35, 3);
INSERT INTO person (personal_number, first_name, last_name, street, zip, city) VALUES ('8402173101', 'André', 'Ibrahim', 'Trädgårdsgatan 470', '10406', 'Alingsås');
INSERT INTO phone (phone) VALUES ('0733-584 58');
INSERT INTO email (email) VALUES ('andré.ibrahim_36@kth.se');
INSERT INTO person_phone (person_id, phone_id) VALUES (36, 36);
INSERT INTO person_email (person_id, email_id) VALUES (36, 36);
INSERT INTO employee (person_id, job_title_id, supervisor_id, employment_id, department_id) VALUES (36, 2, 11, 'kth-0036', 4);
INSERT INTO salary_history (employee_id, amount, valid_from) VALUES (36, 36450, '2020-01-01');
INSERT INTO employee_skill_set (employee_id, skill_set_id) VALUES (36, 5);
INSERT INTO employee_interest (employee_id, interest_id) VALUES (36, 3);
INSERT INTO person (personal_number, first_name, last_name, street, zip, city) VALUES ('5510295065', 'Ingvar', 'Forsman', 'Backgatan 0', '73747', 'Landskrona');
INSERT INTO phone (phone) VALUES ('+46 (0)060 248 ');
INSERT INTO email (email) VALUES ('ingvar.forsman_37@kth.se');
INSERT INTO person_phone (person_id, phone_id) VALUES (37, 37);
INSERT INTO person_email (person_id, email_id) VALUES (37, 37);
INSERT INTO employee (person_id, job_title_id, supervisor_id, employment_id, department_id) VALUES (37, 2, 2, 'kth-0037', 5);
INSERT INTO salary_history (employee_id, amount, valid_from) VALUES (37, 66293, '2020-01-01');
INSERT INTO employee_skill_set (employee_id, skill_set_id) VALUES (37, 1);
INSERT INTO employee_interest (employee_id, interest_id) VALUES (37, 3);
INSERT INTO person (personal_number, first_name, last_name, street, zip, city) VALUES ('6610201052', 'Kristina', 'Lindgren', 'Bäckvägen 5', '32037', 'Uppsala');
INSERT INTO phone (phone) VALUES ('+46 (0)507 850 ');
INSERT INTO email (email) VALUES ('kristina.lindgren_38@kth.se');
INSERT INTO person_phone (person_id, phone_id) VALUES (38, 38);
INSERT INTO person_email (person_id, email_id) VALUES (38, 38);
INSERT INTO employee (person_id, job_title_id, supervisor_id, employment_id, department_id) VALUES (38, 1, 1, 'kth-0038', 3);
INSERT INTO salary_history (employee_id, amount, valid_from) VALUES (38, 56563, '2020-01-01');
INSERT INTO employee_skill_set (employee_id, skill_set_id) VALUES (38, 4);
INSERT INTO employee_interest (employee_id, interest_id) VALUES (38, 4);
INSERT INTO person (personal_number, first_name, last_name, street, zip, city) VALUES ('5112209951', 'Nathalie', 'Liljegren', 'Ekgränd 6', '18543', 'Västerås');
INSERT INTO phone (phone) VALUES ('+46 (0)8 267 50');
INSERT INTO email (email) VALUES ('nathalie.liljegren_39@kth.se');
INSERT INTO person_phone (person_id, phone_id) VALUES (39, 39);
INSERT INTO person_email (person_id, email_id) VALUES (39, 39);
INSERT INTO employee (person_id, job_title_id, supervisor_id, employment_id, department_id) VALUES (39, 4, 23, 'kth-0039', 2);
INSERT INTO salary_history (employee_id, amount, valid_from) VALUES (39, 55794, '2020-01-01');
INSERT INTO employee_skill_set (employee_id, skill_set_id) VALUES (39, 5);
INSERT INTO employee_interest (employee_id, interest_id) VALUES (39, 1);
INSERT INTO person (personal_number, first_name, last_name, street, zip, city) VALUES ('6604123031', 'Kari', 'Jansson', 'Idrottsvägen 01', '42103', 'Alingsås');
INSERT INTO phone (phone) VALUES ('088-36 24 19');
INSERT INTO email (email) VALUES ('kari.jansson_40@kth.se');
INSERT INTO person_phone (person_id, phone_id) VALUES (40, 40);
INSERT INTO person_email (person_id, email_id) VALUES (40, 40);
INSERT INTO employee (person_id, job_title_id, supervisor_id, employment_id, department_id) VALUES (40, 6, 23, 'kth-0040', 2);
INSERT INTO salary_history (employee_id, amount, valid_from) VALUES (40, 76984, '2020-01-01');
INSERT INTO employee_skill_set (employee_id, skill_set_id) VALUES (40, 3);
INSERT INTO employee_interest (employee_id, interest_id) VALUES (40, 3);
INSERT INTO person (personal_number, first_name, last_name, street, zip, city) VALUES ('5509158712', 'Matilda', 'Torstensson', 'Skolvägen 66', '62493', 'Ängelholm');
INSERT INTO phone (phone) VALUES ('051-768 84 03');
INSERT INTO email (email) VALUES ('matilda.torstensson_41@kth.se');
INSERT INTO person_phone (person_id, phone_id) VALUES (41, 41);
INSERT INTO person_email (person_id, email_id) VALUES (41, 41);
INSERT INTO employee (person_id, job_title_id, supervisor_id, employment_id, department_id) VALUES (41, 5, 38, 'kth-0041', 4);
INSERT INTO salary_history (employee_id, amount, valid_from) VALUES (41, 61714, '2020-01-01');
INSERT INTO employee_skill_set (employee_id, skill_set_id) VALUES (41, 8);
INSERT INTO employee_interest (employee_id, interest_id) VALUES (41, 6);
INSERT INTO person (personal_number, first_name, last_name, street, zip, city) VALUES ('0707071593', 'Karin', 'Persson', 'Backgränd 8', '32478', 'Falun');
INSERT INTO phone (phone) VALUES ('08-120 47 19');
INSERT INTO email (email) VALUES ('karin.persson_42@kth.se');
INSERT INTO person_phone (person_id, phone_id) VALUES (42, 42);
INSERT INTO person_email (person_id, email_id) VALUES (42, 42);
INSERT INTO employee (person_id, job_title_id, supervisor_id, employment_id, department_id) VALUES (42, 5, 6, 'kth-0042', 3);
INSERT INTO salary_history (employee_id, amount, valid_from) VALUES (42, 54332, '2020-01-01');
INSERT INTO employee_skill_set (employee_id, skill_set_id) VALUES (42, 3);
INSERT INTO employee_interest (employee_id, interest_id) VALUES (42, 6);
INSERT INTO person (personal_number, first_name, last_name, street, zip, city) VALUES ('0211283072', 'Tomas', 'Jakobsson', 'Stationsvägen 762', '21152', 'Södertälje');
INSERT INTO phone (phone) VALUES ('056-011 76 99');
INSERT INTO email (email) VALUES ('tomas.jakobsson_43@kth.se');
INSERT INTO person_phone (person_id, phone_id) VALUES (43, 43);
INSERT INTO person_email (person_id, email_id) VALUES (43, 43);
INSERT INTO employee (person_id, job_title_id, supervisor_id, employment_id, department_id) VALUES (43, 4, 19, 'kth-0043', 5);
INSERT INTO salary_history (employee_id, amount, valid_from) VALUES (43, 44172, '2020-01-01');
INSERT INTO employee_skill_set (employee_id, skill_set_id) VALUES (43, 3);
INSERT INTO employee_interest (employee_id, interest_id) VALUES (43, 4);
INSERT INTO person (personal_number, first_name, last_name, street, zip, city) VALUES ('8410268794', 'Kristina', 'Olofsson', 'Storgränd 86', '34187', 'Borås');
INSERT INTO phone (phone) VALUES ('096-72 07 19');
INSERT INTO email (email) VALUES ('kristina.olofsson_44@kth.se');
INSERT INTO person_phone (person_id, phone_id) VALUES (44, 44);
INSERT INTO person_email (person_id, email_id) VALUES (44, 44);
INSERT INTO employee (person_id, job_title_id, supervisor_id, employment_id, department_id) VALUES (44, 6, 8, 'kth-0044', 3);
INSERT INTO salary_history (employee_id, amount, valid_from) VALUES (44, 46882, '2020-01-01');
INSERT INTO employee_skill_set (employee_id, skill_set_id) VALUES (44, 8);
INSERT INTO employee_interest (employee_id, interest_id) VALUES (44, 1);
INSERT INTO person (personal_number, first_name, last_name, street, zip, city) VALUES ('8012133347', 'Olof', 'Klasson', 'Aspvägen 3', '69092', 'Landskrona');
INSERT INTO phone (phone) VALUES ('0155-809 86');
INSERT INTO email (email) VALUES ('olof.klasson_45@kth.se');
INSERT INTO person_phone (person_id, phone_id) VALUES (45, 45);
INSERT INTO person_email (person_id, email_id) VALUES (45, 45);
INSERT INTO employee (person_id, job_title_id, supervisor_id, employment_id, department_id) VALUES (45, 6, 1, 'kth-0045', 2);
INSERT INTO salary_history (employee_id, amount, valid_from) VALUES (45, 35596, '2020-01-01');
INSERT INTO employee_skill_set (employee_id, skill_set_id) VALUES (45, 6);
INSERT INTO employee_interest (employee_id, interest_id) VALUES (45, 2);
INSERT INTO person (personal_number, first_name, last_name, street, zip, city) VALUES ('3707013508', 'Thomas', 'Nilsson', 'Industrivägen 99', '89832', 'Lund');
INSERT INTO phone (phone) VALUES ('+46 (0)799 148 ');
INSERT INTO email (email) VALUES ('thomas.nilsson_46@kth.se');
INSERT INTO person_phone (person_id, phone_id) VALUES (46, 46);
INSERT INTO person_email (person_id, email_id) VALUES (46, 46);
INSERT INTO employee (person_id, job_title_id, supervisor_id, employment_id, department_id) VALUES (46, 4, 32, 'kth-0046', 4);
INSERT INTO salary_history (employee_id, amount, valid_from) VALUES (46, 38218, '2020-01-01');
INSERT INTO employee_skill_set (employee_id, skill_set_id) VALUES (46, 2);
INSERT INTO employee_interest (employee_id, interest_id) VALUES (46, 6);
INSERT INTO person (personal_number, first_name, last_name, street, zip, city) VALUES ('4801262967', 'Isabell', 'Nilsson', 'Trädgårdsgatan 6', '96274', 'Kalmar');
INSERT INTO phone (phone) VALUES ('08-272 297 25');
INSERT INTO email (email) VALUES ('isabell.nilsson_47@kth.se');
INSERT INTO person_phone (person_id, phone_id) VALUES (47, 47);
INSERT INTO person_email (person_id, email_id) VALUES (47, 47);
INSERT INTO employee (person_id, job_title_id, supervisor_id, employment_id, department_id) VALUES (47, 4, 26, 'kth-0047', 5);
INSERT INTO salary_history (employee_id, amount, valid_from) VALUES (47, 44092, '2020-01-01');
INSERT INTO employee_skill_set (employee_id, skill_set_id) VALUES (47, 2);
INSERT INTO employee_interest (employee_id, interest_id) VALUES (47, 3);
INSERT INTO person (personal_number, first_name, last_name, street, zip, city) VALUES ('3910103864', 'Ian', 'Adolfsson', 'Nyvägen 102', '96260', 'Karlskoga');
INSERT INTO phone (phone) VALUES ('001-50 16 95');
INSERT INTO email (email) VALUES ('ian.adolfsson_48@kth.se');
INSERT INTO person_phone (person_id, phone_id) VALUES (48, 48);
INSERT INTO person_email (person_id, email_id) VALUES (48, 48);
INSERT INTO employee (person_id, job_title_id, supervisor_id, employment_id, department_id) VALUES (48, 1, 38, 'kth-0048', 1);
INSERT INTO salary_history (employee_id, amount, valid_from) VALUES (48, 80362, '2020-01-01');
INSERT INTO employee_skill_set (employee_id, skill_set_id) VALUES (48, 3);
INSERT INTO employee_interest (employee_id, interest_id) VALUES (48, 2);
INSERT INTO person (personal_number, first_name, last_name, street, zip, city) VALUES ('4503170476', 'Victoria', 'Forsberg', 'Skolgatan 4', '55792', 'Örnsköldsvik');
INSERT INTO phone (phone) VALUES ('+46 (0)8 718 50');
INSERT INTO email (email) VALUES ('victoria.forsberg_49@kth.se');
INSERT INTO person_phone (person_id, phone_id) VALUES (49, 49);
INSERT INTO person_email (person_id, email_id) VALUES (49, 49);
INSERT INTO employee (person_id, job_title_id, supervisor_id, employment_id, department_id) VALUES (49, 5, 46, 'kth-0049', 5);
INSERT INTO salary_history (employee_id, amount, valid_from) VALUES (49, 60790, '2020-01-01');
INSERT INTO employee_skill_set (employee_id, skill_set_id) VALUES (49, 7);
INSERT INTO employee_interest (employee_id, interest_id) VALUES (49, 2);
INSERT INTO person (personal_number, first_name, last_name, street, zip, city) VALUES ('7404145471', 'Albin', 'Mohammed', 'Stationsgatan 3', '70166', 'Södertälje');
INSERT INTO phone (phone) VALUES ('056-60 09 56');
INSERT INTO email (email) VALUES ('albin.mohammed_50@kth.se');
INSERT INTO person_phone (person_id, phone_id) VALUES (50, 50);
INSERT INTO person_email (person_id, email_id) VALUES (50, 50);
INSERT INTO employee (person_id, job_title_id, supervisor_id, employment_id, department_id) VALUES (50, 2, 19, 'kth-0050', 2);
INSERT INTO salary_history (employee_id, amount, valid_from) VALUES (50, 38305, '2020-01-01');
INSERT INTO employee_skill_set (employee_id, skill_set_id) VALUES (50, 8);
INSERT INTO employee_interest (employee_id, interest_id) VALUES (50, 4);
INSERT INTO person (personal_number, first_name, last_name, street, zip, city) VALUES ('4209098831', 'Henning', 'Lundström', 'Furuvägen 26', '24682', 'Karlskoga');
INSERT INTO phone (phone) VALUES ('+46 (0)67 91 91');
INSERT INTO email (email) VALUES ('henning.lundström_51@kth.se');
INSERT INTO person_phone (person_id, phone_id) VALUES (51, 51);
INSERT INTO person_email (person_id, email_id) VALUES (51, 51);
INSERT INTO employee (person_id, job_title_id, supervisor_id, employment_id, department_id) VALUES (51, 3, 5, 'kth-0051', 2);
INSERT INTO salary_history (employee_id, amount, valid_from) VALUES (51, 83020, '2020-01-01');
INSERT INTO employee_skill_set (employee_id, skill_set_id) VALUES (51, 2);
INSERT INTO employee_interest (employee_id, interest_id) VALUES (51, 4);
INSERT INTO person (personal_number, first_name, last_name, street, zip, city) VALUES ('7809175115', 'Jan', 'Bergqvist', 'Strandgatan 784', '32225', 'Östersund');
INSERT INTO phone (phone) VALUES ('069-68 97 43');
INSERT INTO email (email) VALUES ('jan.bergqvist_52@kth.se');
INSERT INTO person_phone (person_id, phone_id) VALUES (52, 52);
INSERT INTO person_email (person_id, email_id) VALUES (52, 52);
INSERT INTO employee (person_id, job_title_id, supervisor_id, employment_id, department_id) VALUES (52, 6, 12, 'kth-0052', 4);
INSERT INTO salary_history (employee_id, amount, valid_from) VALUES (52, 46309, '2020-01-01');
INSERT INTO employee_skill_set (employee_id, skill_set_id) VALUES (52, 7);
INSERT INTO employee_interest (employee_id, interest_id) VALUES (52, 2);
INSERT INTO person (personal_number, first_name, last_name, street, zip, city) VALUES ('0310147004', 'Axel', 'Jonsson', 'Skolstigen 7', '64020', 'Skellefteå');
INSERT INTO phone (phone) VALUES ('+46 (0)8 370 64');
INSERT INTO email (email) VALUES ('axel.jonsson_53@kth.se');
INSERT INTO person_phone (person_id, phone_id) VALUES (53, 53);
INSERT INTO person_email (person_id, email_id) VALUES (53, 53);
INSERT INTO employee (person_id, job_title_id, supervisor_id, employment_id, department_id) VALUES (53, 5, 35, 'kth-0053', 1);
INSERT INTO salary_history (employee_id, amount, valid_from) VALUES (53, 82323, '2020-01-01');
INSERT INTO employee_skill_set (employee_id, skill_set_id) VALUES (53, 5);
INSERT INTO employee_interest (employee_id, interest_id) VALUES (53, 4);
INSERT INTO person (personal_number, first_name, last_name, street, zip, city) VALUES ('6410251174', 'Sören', 'Johansson', 'Genvägen 64', '57109', 'Landskrona');
INSERT INTO phone (phone) VALUES ('025-88 91 05');
INSERT INTO email (email) VALUES ('sören.johansson_54@kth.se');
INSERT INTO person_phone (person_id, phone_id) VALUES (54, 54);
INSERT INTO person_email (person_id, email_id) VALUES (54, 54);
INSERT INTO employee (person_id, job_title_id, supervisor_id, employment_id, department_id) VALUES (54, 4, 53, 'kth-0054', 1);
INSERT INTO salary_history (employee_id, amount, valid_from) VALUES (54, 50770, '2020-01-01');
INSERT INTO employee_skill_set (employee_id, skill_set_id) VALUES (54, 4);
INSERT INTO employee_interest (employee_id, interest_id) VALUES (54, 2);
INSERT INTO person (personal_number, first_name, last_name, street, zip, city) VALUES ('4808217394', 'Knut', 'Johansson', 'Kyrkvägen 63', '82888', 'Uppsala');
INSERT INTO phone (phone) VALUES ('0341-859 51');
INSERT INTO email (email) VALUES ('knut.johansson_55@kth.se');
INSERT INTO person_phone (person_id, phone_id) VALUES (55, 55);
INSERT INTO person_email (person_id, email_id) VALUES (55, 55);
INSERT INTO employee (person_id, job_title_id, supervisor_id, employment_id, department_id) VALUES (55, 4, 37, 'kth-0055', 3);
INSERT INTO salary_history (employee_id, amount, valid_from) VALUES (55, 53474, '2020-01-01');
INSERT INTO employee_skill_set (employee_id, skill_set_id) VALUES (55, 7);
INSERT INTO employee_interest (employee_id, interest_id) VALUES (55, 3);
INSERT INTO person (personal_number, first_name, last_name, street, zip, city) VALUES ('9301128063', 'Peter', 'Karlsson', 'Kyrkgatan 089', '82313', 'Örnsköldsvik');
INSERT INTO phone (phone) VALUES ('08-933 286 00');
INSERT INTO email (email) VALUES ('peter.karlsson_56@kth.se');
INSERT INTO person_phone (person_id, phone_id) VALUES (56, 56);
INSERT INTO person_email (person_id, email_id) VALUES (56, 56);
INSERT INTO employee (person_id, job_title_id, supervisor_id, employment_id, department_id) VALUES (56, 4, 3, 'kth-0056', 5);
INSERT INTO salary_history (employee_id, amount, valid_from) VALUES (56, 75970, '2020-01-01');
INSERT INTO employee_skill_set (employee_id, skill_set_id) VALUES (56, 4);
INSERT INTO employee_interest (employee_id, interest_id) VALUES (56, 2);
INSERT INTO person (personal_number, first_name, last_name, street, zip, city) VALUES ('4302257607', 'Mikael', 'Nilsson', 'Furuvägen 1', '72935', 'Skellefteå');
INSERT INTO phone (phone) VALUES ('+46 (0)45 44 82');
INSERT INTO email (email) VALUES ('mikael.nilsson_57@kth.se');
INSERT INTO person_phone (person_id, phone_id) VALUES (57, 57);
INSERT INTO person_email (person_id, email_id) VALUES (57, 57);
INSERT INTO employee (person_id, job_title_id, supervisor_id, employment_id, department_id) VALUES (57, 6, 43, 'kth-0057', 1);
INSERT INTO salary_history (employee_id, amount, valid_from) VALUES (57, 75716, '2020-01-01');
INSERT INTO employee_skill_set (employee_id, skill_set_id) VALUES (57, 6);
INSERT INTO employee_interest (employee_id, interest_id) VALUES (57, 1);
INSERT INTO person (personal_number, first_name, last_name, street, zip, city) VALUES ('4402104832', 'Emelie', 'Alm', 'Järnvägsstigen 67', '37007', 'Kristianstad');
INSERT INTO phone (phone) VALUES ('0543-662 15');
INSERT INTO email (email) VALUES ('emelie.alm_58@kth.se');
INSERT INTO person_phone (person_id, phone_id) VALUES (58, 58);
INSERT INTO person_email (person_id, email_id) VALUES (58, 58);
INSERT INTO employee (person_id, job_title_id, supervisor_id, employment_id, department_id) VALUES (58, 6, 1, 'kth-0058', 3);
INSERT INTO salary_history (employee_id, amount, valid_from) VALUES (58, 78758, '2020-01-01');
INSERT INTO employee_skill_set (employee_id, skill_set_id) VALUES (58, 3);
INSERT INTO employee_interest (employee_id, interest_id) VALUES (58, 5);
INSERT INTO person (personal_number, first_name, last_name, street, zip, city) VALUES ('9706272730', 'Anders', 'Hellman', 'Nyvägen 8', '55875', 'Ängelholm');
INSERT INTO phone (phone) VALUES ('075-33 78 31');
INSERT INTO email (email) VALUES ('anders.hellman_59@kth.se');
INSERT INTO person_phone (person_id, phone_id) VALUES (59, 59);
INSERT INTO person_email (person_id, email_id) VALUES (59, 59);
INSERT INTO employee (person_id, job_title_id, supervisor_id, employment_id, department_id) VALUES (59, 5, 24, 'kth-0059', 3);
INSERT INTO salary_history (employee_id, amount, valid_from) VALUES (59, 74065, '2020-01-01');
INSERT INTO employee_skill_set (employee_id, skill_set_id) VALUES (59, 7);
INSERT INTO employee_interest (employee_id, interest_id) VALUES (59, 4);
INSERT INTO person (personal_number, first_name, last_name, street, zip, city) VALUES ('5203227763', 'Maria', 'Stenberg', 'Industrivägen 544', '53521', 'Trelleborg');
INSERT INTO phone (phone) VALUES ('0486-278 88');
INSERT INTO email (email) VALUES ('maria.stenberg_60@kth.se');
INSERT INTO person_phone (person_id, phone_id) VALUES (60, 60);
INSERT INTO person_email (person_id, email_id) VALUES (60, 60);
INSERT INTO employee (person_id, job_title_id, supervisor_id, employment_id, department_id) VALUES (60, 5, 43, 'kth-0060', 2);
INSERT INTO salary_history (employee_id, amount, valid_from) VALUES (60, 73040, '2020-01-01');
INSERT INTO employee_skill_set (employee_id, skill_set_id) VALUES (60, 6);
INSERT INTO employee_interest (employee_id, interest_id) VALUES (60, 6);
INSERT INTO person (personal_number, first_name, last_name, street, zip, city) VALUES ('0707127239', 'Sigfrid', 'Nilsson', 'Storvägen 7', '64622', 'Växjö');
INSERT INTO phone (phone) VALUES ('08-315 207 94');
INSERT INTO email (email) VALUES ('sigfrid.nilsson_61@kth.se');
INSERT INTO person_phone (person_id, phone_id) VALUES (61, 61);
INSERT INTO person_email (person_id, email_id) VALUES (61, 61);
INSERT INTO employee (person_id, job_title_id, supervisor_id, employment_id, department_id) VALUES (61, 2, 12, 'kth-0061', 4);
INSERT INTO salary_history (employee_id, amount, valid_from) VALUES (61, 64238, '2020-01-01');
INSERT INTO employee_skill_set (employee_id, skill_set_id) VALUES (61, 4);
INSERT INTO employee_interest (employee_id, interest_id) VALUES (61, 3);
INSERT INTO person (personal_number, first_name, last_name, street, zip, city) VALUES ('6401055741', 'Maria', 'Larsson', 'Skolvägen 38', '87638', 'Umeå');
INSERT INTO phone (phone) VALUES ('+46 (0)660 382 ');
INSERT INTO email (email) VALUES ('maria.larsson_62@kth.se');
INSERT INTO person_phone (person_id, phone_id) VALUES (62, 62);
INSERT INTO person_email (person_id, email_id) VALUES (62, 62);
INSERT INTO employee (person_id, job_title_id, supervisor_id, employment_id, department_id) VALUES (62, 1, 5, 'kth-0062', 3);
INSERT INTO salary_history (employee_id, amount, valid_from) VALUES (62, 49583, '2020-01-01');
INSERT INTO employee_skill_set (employee_id, skill_set_id) VALUES (62, 3);
INSERT INTO employee_interest (employee_id, interest_id) VALUES (62, 1);
INSERT INTO person (personal_number, first_name, last_name, street, zip, city) VALUES ('5303292725', 'Hans', 'Andersson', 'Grangränd 699', '34690', 'Borås');
INSERT INTO phone (phone) VALUES ('062-017 01 92');
INSERT INTO email (email) VALUES ('hans.andersson_63@kth.se');
INSERT INTO person_phone (person_id, phone_id) VALUES (63, 63);
INSERT INTO person_email (person_id, email_id) VALUES (63, 63);
INSERT INTO employee (person_id, job_title_id, supervisor_id, employment_id, department_id) VALUES (63, 5, 6, 'kth-0063', 2);
INSERT INTO salary_history (employee_id, amount, valid_from) VALUES (63, 83219, '2020-01-01');
INSERT INTO employee_skill_set (employee_id, skill_set_id) VALUES (63, 8);
INSERT INTO employee_interest (employee_id, interest_id) VALUES (63, 1);
INSERT INTO person (personal_number, first_name, last_name, street, zip, city) VALUES ('9301071784', 'Christian', 'Nilsson', 'Kyrkotorget 31', '11640', 'Skellefteå');
INSERT INTO phone (phone) VALUES ('073-69 67 93');
INSERT INTO email (email) VALUES ('christian.nilsson_64@kth.se');
INSERT INTO person_phone (person_id, phone_id) VALUES (64, 64);
INSERT INTO person_email (person_id, email_id) VALUES (64, 64);
INSERT INTO employee (person_id, job_title_id, supervisor_id, employment_id, department_id) VALUES (64, 2, 58, 'kth-0064', 5);
INSERT INTO salary_history (employee_id, amount, valid_from) VALUES (64, 58577, '2020-01-01');
INSERT INTO employee_skill_set (employee_id, skill_set_id) VALUES (64, 3);
INSERT INTO employee_interest (employee_id, interest_id) VALUES (64, 3);
INSERT INTO person (personal_number, first_name, last_name, street, zip, city) VALUES ('6201148407', 'Josefin', 'Blomqvist', 'Villagränd 4', '63021', 'Örebro');
INSERT INTO phone (phone) VALUES ('08-26 40 92');
INSERT INTO email (email) VALUES ('josefin.blomqvist_65@kth.se');
INSERT INTO person_phone (person_id, phone_id) VALUES (65, 65);
INSERT INTO person_email (person_id, email_id) VALUES (65, 65);
INSERT INTO employee (person_id, job_title_id, supervisor_id, employment_id, department_id) VALUES (65, 5, 12, 'kth-0065', 3);
INSERT INTO salary_history (employee_id, amount, valid_from) VALUES (65, 42710, '2020-01-01');
INSERT INTO employee_skill_set (employee_id, skill_set_id) VALUES (65, 4);
INSERT INTO employee_interest (employee_id, interest_id) VALUES (65, 3);
INSERT INTO person (personal_number, first_name, last_name, street, zip, city) VALUES ('0109275420', 'Maj-Britt', 'Pettersson', 'Storstigen 5', '40050', 'Halmstad');
INSERT INTO phone (phone) VALUES ('08-393 34 11');
INSERT INTO email (email) VALUES ('maj-britt.pettersson_66@kth.se');
INSERT INTO person_phone (person_id, phone_id) VALUES (66, 66);
INSERT INTO person_email (person_id, email_id) VALUES (66, 66);
INSERT INTO employee (person_id, job_title_id, supervisor_id, employment_id, department_id) VALUES (66, 2, 55, 'kth-0066', 1);
INSERT INTO salary_history (employee_id, amount, valid_from) VALUES (66, 65737, '2020-01-01');
INSERT INTO employee_skill_set (employee_id, skill_set_id) VALUES (66, 3);
INSERT INTO employee_interest (employee_id, interest_id) VALUES (66, 6);
INSERT INTO person (personal_number, first_name, last_name, street, zip, city) VALUES ('4905090942', 'Robin', 'Thorén', 'Stationsgatan 8', '60378', 'Borås');
INSERT INTO phone (phone) VALUES ('+46 (0)793 006 ');
INSERT INTO email (email) VALUES ('robin.thorén_67@kth.se');
INSERT INTO person_phone (person_id, phone_id) VALUES (67, 67);
INSERT INTO person_email (person_id, email_id) VALUES (67, 67);
INSERT INTO employee (person_id, job_title_id, supervisor_id, employment_id, department_id) VALUES (67, 3, 3, 'kth-0067', 4);
INSERT INTO salary_history (employee_id, amount, valid_from) VALUES (67, 47656, '2020-01-01');
INSERT INTO employee_skill_set (employee_id, skill_set_id) VALUES (67, 5);
INSERT INTO employee_interest (employee_id, interest_id) VALUES (67, 3);
INSERT INTO person (personal_number, first_name, last_name, street, zip, city) VALUES ('6707280340', 'Liv', 'Norén', 'Åkergatan 741', '34746', 'Halmstad');
INSERT INTO phone (phone) VALUES ('+46 (0)914 386 ');
INSERT INTO email (email) VALUES ('liv.norén_68@kth.se');
INSERT INTO person_phone (person_id, phone_id) VALUES (68, 68);
INSERT INTO person_email (person_id, email_id) VALUES (68, 68);
INSERT INTO employee (person_id, job_title_id, supervisor_id, employment_id, department_id) VALUES (68, 3, 62, 'kth-0068', 1);
INSERT INTO salary_history (employee_id, amount, valid_from) VALUES (68, 37274, '2020-01-01');
INSERT INTO employee_skill_set (employee_id, skill_set_id) VALUES (68, 2);
INSERT INTO employee_interest (employee_id, interest_id) VALUES (68, 6);
INSERT INTO person (personal_number, first_name, last_name, street, zip, city) VALUES ('0508043452', 'Anna', 'Öberg', 'Fabriksgatan 797', '73361', 'Piteå');
INSERT INTO phone (phone) VALUES ('+46 (0)275 993 ');
INSERT INTO email (email) VALUES ('anna.öberg_69@kth.se');
INSERT INTO person_phone (person_id, phone_id) VALUES (69, 69);
INSERT INTO person_email (person_id, email_id) VALUES (69, 69);
INSERT INTO employee (person_id, job_title_id, supervisor_id, employment_id, department_id) VALUES (69, 1, 17, 'kth-0069', 1);
INSERT INTO salary_history (employee_id, amount, valid_from) VALUES (69, 84296, '2020-01-01');
INSERT INTO employee_skill_set (employee_id, skill_set_id) VALUES (69, 7);
INSERT INTO employee_interest (employee_id, interest_id) VALUES (69, 1);
INSERT INTO person (personal_number, first_name, last_name, street, zip, city) VALUES ('3607088279', 'Cecilia', 'Håkansson', 'Furugatan 22', '15420', 'Lund');
INSERT INTO phone (phone) VALUES ('+46 (0)79 19 01');
INSERT INTO email (email) VALUES ('cecilia.håkansson_70@kth.se');
INSERT INTO person_phone (person_id, phone_id) VALUES (70, 70);
INSERT INTO person_email (person_id, email_id) VALUES (70, 70);
INSERT INTO employee (person_id, job_title_id, supervisor_id, employment_id, department_id) VALUES (70, 6, 56, 'kth-0070', 3);
INSERT INTO salary_history (employee_id, amount, valid_from) VALUES (70, 54816, '2020-01-01');
INSERT INTO employee_skill_set (employee_id, skill_set_id) VALUES (70, 1);
INSERT INTO employee_interest (employee_id, interest_id) VALUES (70, 6);
INSERT INTO person (personal_number, first_name, last_name, street, zip, city) VALUES ('9208263815', 'Yvonne', 'Karlsson', 'Stationsstigen 9', '77801', 'Sundsvall');
INSERT INTO phone (phone) VALUES ('033-455 54 26');
INSERT INTO email (email) VALUES ('yvonne.karlsson_71@kth.se');
INSERT INTO person_phone (person_id, phone_id) VALUES (71, 71);
INSERT INTO person_email (person_id, email_id) VALUES (71, 71);
INSERT INTO employee (person_id, job_title_id, supervisor_id, employment_id, department_id) VALUES (71, 6, 60, 'kth-0071', 3);
INSERT INTO salary_history (employee_id, amount, valid_from) VALUES (71, 76422, '2020-01-01');
INSERT INTO employee_skill_set (employee_id, skill_set_id) VALUES (71, 4);
INSERT INTO employee_interest (employee_id, interest_id) VALUES (71, 1);
INSERT INTO person (personal_number, first_name, last_name, street, zip, city) VALUES ('7905030602', 'Lars', 'Mårtensson', 'Bäckgatan 639', '96886', 'Stockholm');
INSERT INTO phone (phone) VALUES ('+46 (0)8 431 56');
INSERT INTO email (email) VALUES ('lars.mårtensson_72@kth.se');
INSERT INTO person_phone (person_id, phone_id) VALUES (72, 72);
INSERT INTO person_email (person_id, email_id) VALUES (72, 72);
INSERT INTO employee (person_id, job_title_id, supervisor_id, employment_id, department_id) VALUES (72, 5, 60, 'kth-0072', 3);
INSERT INTO salary_history (employee_id, amount, valid_from) VALUES (72, 83294, '2020-01-01');
INSERT INTO employee_skill_set (employee_id, skill_set_id) VALUES (72, 5);
INSERT INTO employee_interest (employee_id, interest_id) VALUES (72, 1);
INSERT INTO person (personal_number, first_name, last_name, street, zip, city) VALUES ('9006181722', 'Elisabeth', 'Lundell', 'Järnvägsgränd 8', '39846', 'Karlskoga');
INSERT INTO phone (phone) VALUES ('0387-100 38');
INSERT INTO email (email) VALUES ('elisabeth.lundell_73@kth.se');
INSERT INTO person_phone (person_id, phone_id) VALUES (73, 73);
INSERT INTO person_email (person_id, email_id) VALUES (73, 73);
INSERT INTO employee (person_id, job_title_id, supervisor_id, employment_id, department_id) VALUES (73, 1, 6, 'kth-0073', 2);
INSERT INTO salary_history (employee_id, amount, valid_from) VALUES (73, 40440, '2020-01-01');
INSERT INTO employee_skill_set (employee_id, skill_set_id) VALUES (73, 6);
INSERT INTO employee_interest (employee_id, interest_id) VALUES (73, 4);
INSERT INTO person (personal_number, first_name, last_name, street, zip, city) VALUES ('7405122750', 'Sven', 'Andersson', 'Strandstigen 61', '83693', 'Trelleborg');
INSERT INTO phone (phone) VALUES ('08-04 37 68');
INSERT INTO email (email) VALUES ('sven.andersson_74@kth.se');
INSERT INTO person_phone (person_id, phone_id) VALUES (74, 74);
INSERT INTO person_email (person_id, email_id) VALUES (74, 74);
INSERT INTO employee (person_id, job_title_id, supervisor_id, employment_id, department_id) VALUES (74, 6, 7, 'kth-0074', 3);
INSERT INTO salary_history (employee_id, amount, valid_from) VALUES (74, 35588, '2020-01-01');
INSERT INTO employee_skill_set (employee_id, skill_set_id) VALUES (74, 5);
INSERT INTO employee_interest (employee_id, interest_id) VALUES (74, 2);
INSERT INTO person (personal_number, first_name, last_name, street, zip, city) VALUES ('4809224860', 'Margret', 'Gustavsson', 'Fabriksgatan 120', '58373', 'Södertälje');
INSERT INTO phone (phone) VALUES ('+46 (0)556 525 ');
INSERT INTO email (email) VALUES ('margret.gustavsson_75@kth.se');
INSERT INTO person_phone (person_id, phone_id) VALUES (75, 75);
INSERT INTO person_email (person_id, email_id) VALUES (75, 75);
INSERT INTO employee (person_id, job_title_id, supervisor_id, employment_id, department_id) VALUES (75, 1, 70, 'kth-0075', 2);
INSERT INTO salary_history (employee_id, amount, valid_from) VALUES (75, 75174, '2020-01-01');
INSERT INTO employee_skill_set (employee_id, skill_set_id) VALUES (75, 2);
INSERT INTO employee_interest (employee_id, interest_id) VALUES (75, 3);
INSERT INTO person (personal_number, first_name, last_name, street, zip, city) VALUES ('5205039299', 'Jonathan', 'Berggren', 'Kyrkvägen 64', '67803', 'Örnsköldsvik');
INSERT INTO phone (phone) VALUES ('073-994 38 44');
INSERT INTO email (email) VALUES ('jonathan.berggren_76@kth.se');
INSERT INTO person_phone (person_id, phone_id) VALUES (76, 76);
INSERT INTO person_email (person_id, email_id) VALUES (76, 76);
INSERT INTO employee (person_id, job_title_id, supervisor_id, employment_id, department_id) VALUES (76, 4, 32, 'kth-0076', 3);
INSERT INTO salary_history (employee_id, amount, valid_from) VALUES (76, 68504, '2020-01-01');
INSERT INTO employee_skill_set (employee_id, skill_set_id) VALUES (76, 1);
INSERT INTO employee_interest (employee_id, interest_id) VALUES (76, 2);
INSERT INTO person (personal_number, first_name, last_name, street, zip, city) VALUES ('4809081823', 'Maja', 'Andersson', 'Bäckgatan 886', '11792', 'Norrköping');
INSERT INTO phone (phone) VALUES ('075-99 66 33');
INSERT INTO email (email) VALUES ('maja.andersson_77@kth.se');
INSERT INTO person_phone (person_id, phone_id) VALUES (77, 77);
INSERT INTO person_email (person_id, email_id) VALUES (77, 77);
INSERT INTO employee (person_id, job_title_id, supervisor_id, employment_id, department_id) VALUES (77, 6, 56, 'kth-0077', 4);
INSERT INTO salary_history (employee_id, amount, valid_from) VALUES (77, 59454, '2020-01-01');
INSERT INTO employee_skill_set (employee_id, skill_set_id) VALUES (77, 8);
INSERT INTO employee_interest (employee_id, interest_id) VALUES (77, 1);
INSERT INTO person (personal_number, first_name, last_name, street, zip, city) VALUES ('7610143039', 'Elisabeth', 'Hägglund', 'Aspgatan 488', '16354', 'Södertälje');
INSERT INTO phone (phone) VALUES ('08-412 44 41');
INSERT INTO email (email) VALUES ('elisabeth.hägglund_78@kth.se');
INSERT INTO person_phone (person_id, phone_id) VALUES (78, 78);
INSERT INTO person_email (person_id, email_id) VALUES (78, 78);
INSERT INTO employee (person_id, job_title_id, supervisor_id, employment_id, department_id) VALUES (78, 1, 31, 'kth-0078', 3);
INSERT INTO salary_history (employee_id, amount, valid_from) VALUES (78, 61907, '2020-01-01');
INSERT INTO employee_skill_set (employee_id, skill_set_id) VALUES (78, 3);
INSERT INTO employee_interest (employee_id, interest_id) VALUES (78, 6);
INSERT INTO person (personal_number, first_name, last_name, street, zip, city) VALUES ('8009057178', 'Viktor', 'Olsson', 'Fabriksvägen 73', '43055', 'Östersund');
INSERT INTO phone (phone) VALUES ('08-25 87 36');
INSERT INTO email (email) VALUES ('viktor.olsson_79@kth.se');
INSERT INTO person_phone (person_id, phone_id) VALUES (79, 79);
INSERT INTO person_email (person_id, email_id) VALUES (79, 79);
INSERT INTO employee (person_id, job_title_id, supervisor_id, employment_id, department_id) VALUES (79, 2, 2, 'kth-0079', 2);
INSERT INTO salary_history (employee_id, amount, valid_from) VALUES (79, 47943, '2020-01-01');
INSERT INTO employee_skill_set (employee_id, skill_set_id) VALUES (79, 5);
INSERT INTO employee_interest (employee_id, interest_id) VALUES (79, 1);
INSERT INTO person (personal_number, first_name, last_name, street, zip, city) VALUES ('7207155032', 'Ronny', 'Larsson', 'Parkvägen 388', '74310', 'Örebro');
INSERT INTO phone (phone) VALUES ('0256-752 61');
INSERT INTO email (email) VALUES ('ronny.larsson_80@kth.se');
INSERT INTO person_phone (person_id, phone_id) VALUES (80, 80);
INSERT INTO person_email (person_id, email_id) VALUES (80, 80);
INSERT INTO employee (person_id, job_title_id, supervisor_id, employment_id, department_id) VALUES (80, 5, 34, 'kth-0080', 5);
INSERT INTO salary_history (employee_id, amount, valid_from) VALUES (80, 78920, '2020-01-01');
INSERT INTO employee_skill_set (employee_id, skill_set_id) VALUES (80, 3);
INSERT INTO employee_interest (employee_id, interest_id) VALUES (80, 2);
INSERT INTO person (personal_number, first_name, last_name, street, zip, city) VALUES ('9705133073', 'Brita', 'Larsson', 'Parktorget 559', '17499', 'Karlskoga');
INSERT INTO phone (phone) VALUES ('014-993 38 52');
INSERT INTO email (email) VALUES ('brita.larsson_81@kth.se');
INSERT INTO person_phone (person_id, phone_id) VALUES (81, 81);
INSERT INTO person_email (person_id, email_id) VALUES (81, 81);
INSERT INTO employee (person_id, job_title_id, supervisor_id, employment_id, department_id) VALUES (81, 2, 42, 'kth-0081', 1);
INSERT INTO salary_history (employee_id, amount, valid_from) VALUES (81, 61878, '2020-01-01');
INSERT INTO employee_skill_set (employee_id, skill_set_id) VALUES (81, 5);
INSERT INTO employee_interest (employee_id, interest_id) VALUES (81, 6);
INSERT INTO person (personal_number, first_name, last_name, street, zip, city) VALUES ('5907125701', 'Berit', 'Johansson', 'Aspstigen 5', '18304', 'Skövde');
INSERT INTO phone (phone) VALUES ('+46 (0)14 14 14');
INSERT INTO email (email) VALUES ('berit.johansson_82@kth.se');
INSERT INTO person_phone (person_id, phone_id) VALUES (82, 82);
INSERT INTO person_email (person_id, email_id) VALUES (82, 82);
INSERT INTO employee (person_id, job_title_id, supervisor_id, employment_id, department_id) VALUES (82, 4, 69, 'kth-0082', 1);
INSERT INTO salary_history (employee_id, amount, valid_from) VALUES (82, 54806, '2020-01-01');
INSERT INTO employee_skill_set (employee_id, skill_set_id) VALUES (82, 3);
INSERT INTO employee_interest (employee_id, interest_id) VALUES (82, 5);
INSERT INTO person (personal_number, first_name, last_name, street, zip, city) VALUES ('6505026242', 'Astrid', 'Göransson', 'Ängsgatan 41', '10419', 'Landskrona');
INSERT INTO phone (phone) VALUES ('+46 (0)633 534 ');
INSERT INTO email (email) VALUES ('astrid.göransson_83@kth.se');
INSERT INTO person_phone (person_id, phone_id) VALUES (83, 83);
INSERT INTO person_email (person_id, email_id) VALUES (83, 83);
INSERT INTO employee (person_id, job_title_id, supervisor_id, employment_id, department_id) VALUES (83, 5, 4, 'kth-0083', 5);
INSERT INTO salary_history (employee_id, amount, valid_from) VALUES (83, 81897, '2020-01-01');
INSERT INTO employee_skill_set (employee_id, skill_set_id) VALUES (83, 8);
INSERT INTO employee_interest (employee_id, interest_id) VALUES (83, 4);
INSERT INTO person (personal_number, first_name, last_name, street, zip, city) VALUES ('6105283607', 'Björn', 'Jafari', 'Industrivägen 33', '87064', 'Varberg');
INSERT INTO phone (phone) VALUES ('0309-689 01');
INSERT INTO email (email) VALUES ('björn.jafari_84@kth.se');
INSERT INTO person_phone (person_id, phone_id) VALUES (84, 84);
INSERT INTO person_email (person_id, email_id) VALUES (84, 84);
INSERT INTO employee (person_id, job_title_id, supervisor_id, employment_id, department_id) VALUES (84, 5, 47, 'kth-0084', 2);
INSERT INTO salary_history (employee_id, amount, valid_from) VALUES (84, 44762, '2020-01-01');
INSERT INTO employee_skill_set (employee_id, skill_set_id) VALUES (84, 8);
INSERT INTO employee_interest (employee_id, interest_id) VALUES (84, 5);
INSERT INTO person (personal_number, first_name, last_name, street, zip, city) VALUES ('9009241432', 'Tommy', 'Ahlgren', 'Fabrikstorget 6', '73260', 'Västerås');
INSERT INTO phone (phone) VALUES ('+46 (0)8 572 94');
INSERT INTO email (email) VALUES ('tommy.ahlgren_85@kth.se');
INSERT INTO person_phone (person_id, phone_id) VALUES (85, 85);
INSERT INTO person_email (person_id, email_id) VALUES (85, 85);
INSERT INTO employee (person_id, job_title_id, supervisor_id, employment_id, department_id) VALUES (85, 3, 75, 'kth-0085', 5);
INSERT INTO salary_history (employee_id, amount, valid_from) VALUES (85, 55435, '2020-01-01');
INSERT INTO employee_skill_set (employee_id, skill_set_id) VALUES (85, 3);
INSERT INTO employee_interest (employee_id, interest_id) VALUES (85, 4);
INSERT INTO person (personal_number, first_name, last_name, street, zip, city) VALUES ('0711245225', 'Linda', 'Olsson', 'Nystigen 2', '37024', 'Trelleborg');
INSERT INTO phone (phone) VALUES ('+46 (0)8 927 06');
INSERT INTO email (email) VALUES ('linda.olsson_86@kth.se');
INSERT INTO person_phone (person_id, phone_id) VALUES (86, 86);
INSERT INTO person_email (person_id, email_id) VALUES (86, 86);
INSERT INTO employee (person_id, job_title_id, supervisor_id, employment_id, department_id) VALUES (86, 1, 30, 'kth-0086', 5);
INSERT INTO salary_history (employee_id, amount, valid_from) VALUES (86, 66180, '2020-01-01');
INSERT INTO employee_skill_set (employee_id, skill_set_id) VALUES (86, 2);
INSERT INTO employee_interest (employee_id, interest_id) VALUES (86, 3);
INSERT INTO person (personal_number, first_name, last_name, street, zip, city) VALUES ('4612319386', 'Elisabeth', 'Karlsson', 'Villagatan 9', '48567', 'Sundsvall');
INSERT INTO phone (phone) VALUES ('006-25 90 03');
INSERT INTO email (email) VALUES ('elisabeth.karlsson_87@kth.se');
INSERT INTO person_phone (person_id, phone_id) VALUES (87, 87);
INSERT INTO person_email (person_id, email_id) VALUES (87, 87);
INSERT INTO employee (person_id, job_title_id, supervisor_id, employment_id, department_id) VALUES (87, 3, 48, 'kth-0087', 5);
INSERT INTO salary_history (employee_id, amount, valid_from) VALUES (87, 69638, '2020-01-01');
INSERT INTO employee_skill_set (employee_id, skill_set_id) VALUES (87, 6);
INSERT INTO employee_interest (employee_id, interest_id) VALUES (87, 1);
INSERT INTO person (personal_number, first_name, last_name, street, zip, city) VALUES ('5204122039', 'Natalie', 'Christensen', 'Genstigen 005', '11430', 'Uppsala');
INSERT INTO phone (phone) VALUES ('040-469 23 82');
INSERT INTO email (email) VALUES ('natalie.christensen_88@kth.se');
INSERT INTO person_phone (person_id, phone_id) VALUES (88, 88);
INSERT INTO person_email (person_id, email_id) VALUES (88, 88);
INSERT INTO employee (person_id, job_title_id, supervisor_id, employment_id, department_id) VALUES (88, 5, 84, 'kth-0088', 3);
INSERT INTO salary_history (employee_id, amount, valid_from) VALUES (88, 57589, '2020-01-01');
INSERT INTO employee_skill_set (employee_id, skill_set_id) VALUES (88, 5);
INSERT INTO employee_interest (employee_id, interest_id) VALUES (88, 4);
INSERT INTO person (personal_number, first_name, last_name, street, zip, city) VALUES ('6912286033', 'Mikael', 'Lundqvist', 'Järnvägstorget 304', '23553', 'Ängelholm');
INSERT INTO phone (phone) VALUES ('078-031 24 17');
INSERT INTO email (email) VALUES ('mikael.lundqvist_89@kth.se');
INSERT INTO person_phone (person_id, phone_id) VALUES (89, 89);
INSERT INTO person_email (person_id, email_id) VALUES (89, 89);
INSERT INTO employee (person_id, job_title_id, supervisor_id, employment_id, department_id) VALUES (89, 5, 63, 'kth-0089', 4);
INSERT INTO salary_history (employee_id, amount, valid_from) VALUES (89, 47832, '2020-01-01');
INSERT INTO employee_skill_set (employee_id, skill_set_id) VALUES (89, 6);
INSERT INTO employee_interest (employee_id, interest_id) VALUES (89, 5);
INSERT INTO person (personal_number, first_name, last_name, street, zip, city) VALUES ('9605156000', 'Niclas', 'Persson', 'Granvägen 7', '23803', 'Eskilstuna');
INSERT INTO phone (phone) VALUES ('08-958 357 70');
INSERT INTO email (email) VALUES ('niclas.persson_90@kth.se');
INSERT INTO person_phone (person_id, phone_id) VALUES (90, 90);
INSERT INTO person_email (person_id, email_id) VALUES (90, 90);
INSERT INTO employee (person_id, job_title_id, supervisor_id, employment_id, department_id) VALUES (90, 6, 84, 'kth-0090', 2);
INSERT INTO salary_history (employee_id, amount, valid_from) VALUES (90, 50225, '2020-01-01');
INSERT INTO employee_skill_set (employee_id, skill_set_id) VALUES (90, 7);
INSERT INTO employee_interest (employee_id, interest_id) VALUES (90, 4);
INSERT INTO person (personal_number, first_name, last_name, street, zip, city) VALUES ('7911102395', 'Göran', 'Svensson', 'Björkgatan 432', '27060', 'Örebro');
INSERT INTO phone (phone) VALUES ('+46 (0)93 56 81');
INSERT INTO email (email) VALUES ('göran.svensson_91@kth.se');
INSERT INTO person_phone (person_id, phone_id) VALUES (91, 91);
INSERT INTO person_email (person_id, email_id) VALUES (91, 91);
INSERT INTO employee (person_id, job_title_id, supervisor_id, employment_id, department_id) VALUES (91, 3, 81, 'kth-0091', 1);
INSERT INTO salary_history (employee_id, amount, valid_from) VALUES (91, 83902, '2020-01-01');
INSERT INTO employee_skill_set (employee_id, skill_set_id) VALUES (91, 4);
INSERT INTO employee_interest (employee_id, interest_id) VALUES (91, 2);
INSERT INTO person (personal_number, first_name, last_name, street, zip, city) VALUES ('8012069178', 'Kevin', 'Nilsson', 'Strandvägen 673', '35988', 'Jönköping');
INSERT INTO phone (phone) VALUES ('+46 (0)82 49 84');
INSERT INTO email (email) VALUES ('kevin.nilsson_92@kth.se');
INSERT INTO person_phone (person_id, phone_id) VALUES (92, 92);
INSERT INTO person_email (person_id, email_id) VALUES (92, 92);
INSERT INTO employee (person_id, job_title_id, supervisor_id, employment_id, department_id) VALUES (92, 5, 14, 'kth-0092', 3);
INSERT INTO salary_history (employee_id, amount, valid_from) VALUES (92, 42404, '2020-01-01');
INSERT INTO employee_skill_set (employee_id, skill_set_id) VALUES (92, 1);
INSERT INTO employee_interest (employee_id, interest_id) VALUES (92, 2);
INSERT INTO person (personal_number, first_name, last_name, street, zip, city) VALUES ('4106309950', 'Björn', 'Nilsson', 'Ringstigen 266', '72026', 'Göteborg');
INSERT INTO phone (phone) VALUES ('+46 (0)437 777 ');
INSERT INTO email (email) VALUES ('björn.nilsson_93@kth.se');
INSERT INTO person_phone (person_id, phone_id) VALUES (93, 93);
INSERT INTO person_email (person_id, email_id) VALUES (93, 93);
INSERT INTO employee (person_id, job_title_id, supervisor_id, employment_id, department_id) VALUES (93, 3, 3, 'kth-0093', 2);
INSERT INTO salary_history (employee_id, amount, valid_from) VALUES (93, 48191, '2020-01-01');
INSERT INTO employee_skill_set (employee_id, skill_set_id) VALUES (93, 3);
INSERT INTO employee_interest (employee_id, interest_id) VALUES (93, 4);
INSERT INTO person (personal_number, first_name, last_name, street, zip, city) VALUES ('4805019330', 'Louise', 'Danielsson', 'Björktorget 400', '72945', 'Ängelholm');
INSERT INTO phone (phone) VALUES ('080-72 35 50');
INSERT INTO email (email) VALUES ('louise.danielsson_94@kth.se');
INSERT INTO person_phone (person_id, phone_id) VALUES (94, 94);
INSERT INTO person_email (person_id, email_id) VALUES (94, 94);
INSERT INTO employee (person_id, job_title_id, supervisor_id, employment_id, department_id) VALUES (94, 6, 56, 'kth-0094', 3);
INSERT INTO salary_history (employee_id, amount, valid_from) VALUES (94, 61700, '2020-01-01');
INSERT INTO employee_skill_set (employee_id, skill_set_id) VALUES (94, 3);
INSERT INTO employee_interest (employee_id, interest_id) VALUES (94, 5);
INSERT INTO person (personal_number, first_name, last_name, street, zip, city) VALUES ('4810158149', 'Maria', 'Samuelsson', 'Skolgatan 57', '12087', 'Varberg');
INSERT INTO phone (phone) VALUES ('077-91 29 21');
INSERT INTO email (email) VALUES ('maria.samuelsson_95@kth.se');
INSERT INTO person_phone (person_id, phone_id) VALUES (95, 95);
INSERT INTO person_email (person_id, email_id) VALUES (95, 95);
INSERT INTO employee (person_id, job_title_id, supervisor_id, employment_id, department_id) VALUES (95, 6, 91, 'kth-0095', 1);
INSERT INTO salary_history (employee_id, amount, valid_from) VALUES (95, 81783, '2020-01-01');
INSERT INTO employee_skill_set (employee_id, skill_set_id) VALUES (95, 7);
INSERT INTO employee_interest (employee_id, interest_id) VALUES (95, 4);
INSERT INTO person (personal_number, first_name, last_name, street, zip, city) VALUES ('5509226675', 'Dan', 'Olausson', 'Kyrkgatan 297', '88407', 'Södertälje');
INSERT INTO phone (phone) VALUES ('084-44 85 31');
INSERT INTO email (email) VALUES ('dan.olausson_96@kth.se');
INSERT INTO person_phone (person_id, phone_id) VALUES (96, 96);
INSERT INTO person_email (person_id, email_id) VALUES (96, 96);
INSERT INTO employee (person_id, job_title_id, supervisor_id, employment_id, department_id) VALUES (96, 2, 67, 'kth-0096', 2);
INSERT INTO salary_history (employee_id, amount, valid_from) VALUES (96, 70009, '2020-01-01');
INSERT INTO employee_skill_set (employee_id, skill_set_id) VALUES (96, 8);
INSERT INTO employee_interest (employee_id, interest_id) VALUES (96, 3);
INSERT INTO person (personal_number, first_name, last_name, street, zip, city) VALUES ('8504193163', 'Iris', 'Norén', 'Strandgatan 2', '55417', 'Karlstad');
INSERT INTO phone (phone) VALUES ('0075-859 82');
INSERT INTO email (email) VALUES ('iris.norén_97@kth.se');
INSERT INTO person_phone (person_id, phone_id) VALUES (97, 97);
INSERT INTO person_email (person_id, email_id) VALUES (97, 97);
INSERT INTO employee (person_id, job_title_id, supervisor_id, employment_id, department_id) VALUES (97, 2, 67, 'kth-0097', 4);
INSERT INTO salary_history (employee_id, amount, valid_from) VALUES (97, 45873, '2020-01-01');
INSERT INTO employee_skill_set (employee_id, skill_set_id) VALUES (97, 1);
INSERT INTO employee_interest (employee_id, interest_id) VALUES (97, 2);
INSERT INTO person (personal_number, first_name, last_name, street, zip, city) VALUES ('9006034608', 'Linus', 'Blom', 'Aspgatan 132', '27183', 'Malmö');
INSERT INTO phone (phone) VALUES ('0608-92 06 58');
INSERT INTO email (email) VALUES ('linus.blom_98@kth.se');
INSERT INTO person_phone (person_id, phone_id) VALUES (98, 98);
INSERT INTO person_email (person_id, email_id) VALUES (98, 98);
INSERT INTO employee (person_id, job_title_id, supervisor_id, employment_id, department_id) VALUES (98, 3, 27, 'kth-0098', 3);
INSERT INTO salary_history (employee_id, amount, valid_from) VALUES (98, 76422, '2020-01-01');
INSERT INTO employee_skill_set (employee_id, skill_set_id) VALUES (98, 6);
INSERT INTO employee_interest (employee_id, interest_id) VALUES (98, 6);
INSERT INTO person (personal_number, first_name, last_name, street, zip, city) VALUES ('9606283043', 'Birger', 'Eriksson', 'Kvarnvägen 65', '27224', 'Lidköping');
INSERT INTO phone (phone) VALUES ('054-16 06 69');
INSERT INTO email (email) VALUES ('birger.eriksson_99@kth.se');
INSERT INTO person_phone (person_id, phone_id) VALUES (99, 99);
INSERT INTO person_email (person_id, email_id) VALUES (99, 99);
INSERT INTO employee (person_id, job_title_id, supervisor_id, employment_id, department_id) VALUES (99, 2, 12, 'kth-0099', 3);
INSERT INTO salary_history (employee_id, amount, valid_from) VALUES (99, 66710, '2020-01-01');
INSERT INTO employee_skill_set (employee_id, skill_set_id) VALUES (99, 2);
INSERT INTO employee_interest (employee_id, interest_id) VALUES (99, 3);
INSERT INTO person (personal_number, first_name, last_name, street, zip, city) VALUES ('7008220308', 'Kristina', 'Fredriksson', 'Björkgränd 9', '88835', 'Varberg');
INSERT INTO phone (phone) VALUES ('+46 (0)765 477 ');
INSERT INTO email (email) VALUES ('kristina.fredriksson_100@kth.se');
INSERT INTO person_phone (person_id, phone_id) VALUES (100, 100);
INSERT INTO person_email (person_id, email_id) VALUES (100, 100);
INSERT INTO employee (person_id, job_title_id, supervisor_id, employment_id, department_id) VALUES (100, 4, 56, 'kth-0100', 5);
INSERT INTO salary_history (employee_id, amount, valid_from) VALUES (100, 75439, '2020-01-01');
INSERT INTO employee_skill_set (employee_id, skill_set_id) VALUES (100, 8);
INSERT INTO employee_interest (employee_id, interest_id) VALUES (100, 2);
UPDATE department SET manager_id = 1 WHERE id = 1;
UPDATE department SET manager_id = 2 WHERE id = 2;
UPDATE department SET manager_id = 3 WHERE id = 3;
UPDATE department SET manager_id = 4 WHERE id = 4;
UPDATE department SET manager_id = 5 WHERE id = 5;
INSERT INTO course (course_code, course_name) VALUES ('DD1337', 'Programming');
INSERT INTO course_layout (course_id, min_students, max_students, hp, valid_from) VALUES (1, 10, 200, 7.5, '2020-01-01');
INSERT INTO course (course_code, course_name) VALUES ('ID1018', 'Programming I');
INSERT INTO course_layout (course_id, min_students, max_students, hp, valid_from) VALUES (2, 10, 200, 7.5, '2020-01-01');
INSERT INTO course (course_code, course_name) VALUES ('IV1350', 'Object Oriented Design');
INSERT INTO course_layout (course_id, min_students, max_students, hp, valid_from) VALUES (3, 10, 200, 7.5, '2020-01-01');
INSERT INTO course (course_code, course_name) VALUES ('DD2420', 'Probabilistic Graphical Models');
INSERT INTO course_layout (course_id, min_students, max_students, hp, valid_from) VALUES (4, 10, 200, 7.5, '2020-01-01');
INSERT INTO course (course_code, course_name) VALUES ('DD1420', 'Foundations of Machine Learning');
INSERT INTO course_layout (course_id, min_students, max_students, hp, valid_from) VALUES (5, 10, 200, 7.5, '2020-01-01');
INSERT INTO course (course_code, course_name) VALUES ('SF1624', 'Algebra and Geometry');
INSERT INTO course_layout (course_id, min_students, max_students, hp, valid_from) VALUES (6, 10, 200, 7.5, '2020-01-01');
INSERT INTO course (course_code, course_name) VALUES ('SF1625', 'Calculus in One Variable');
INSERT INTO course_layout (course_id, min_students, max_students, hp, valid_from) VALUES (7, 10, 200, 7.5, '2020-01-01');
INSERT INTO course (course_code, course_name) VALUES ('DH2642', 'Interaction Programming and the Dynamic Web');
INSERT INTO course_layout (course_id, min_students, max_students, hp, valid_from) VALUES (8, 10, 200, 7.5, '2020-01-01');
INSERT INTO course (course_code, course_name) VALUES ('DD2350', 'Algorithms, Data Structures and Complexity');
INSERT INTO course_layout (course_id, min_students, max_students, hp, valid_from) VALUES (9, 10, 200, 9.0, '2020-01-01');
INSERT INTO course (course_code, course_name) VALUES ('II1305', 'Project Management in IT');
INSERT INTO course_layout (course_id, min_students, max_students, hp, valid_from) VALUES (10, 10, 200, 7.5, '2020-01-01');
INSERT INTO course (course_code, course_name) VALUES ('DD2434', 'Machine Learning, Advanced Course');
INSERT INTO course_layout (course_id, min_students, max_students, hp, valid_from) VALUES (11, 10, 200, 7.5, '2020-01-01');
INSERT INTO course (course_code, course_name) VALUES ('ID1217', 'Concurrent Programming');
INSERT INTO course_layout (course_id, min_students, max_students, hp, valid_from) VALUES (12, 10, 200, 7.5, '2020-01-01');
INSERT INTO course (course_code, course_name) VALUES ('IV1013', 'Introduction to Computer Security');
INSERT INTO course_layout (course_id, min_students, max_students, hp, valid_from) VALUES (13, 10, 200, 7.5, '2020-01-01');
INSERT INTO course (course_code, course_name) VALUES ('IK1203', 'Networks and Communication');
INSERT INTO course_layout (course_id, min_students, max_students, hp, valid_from) VALUES (14, 10, 200, 7.5, '2020-01-01');
INSERT INTO course (course_code, course_name) VALUES ('SF1901', 'Probability Theory and Statistics');
INSERT INTO course_layout (course_id, min_students, max_students, hp, valid_from) VALUES (15, 10, 200, 6.0, '2020-01-01');
INSERT INTO course (course_code, course_name) VALUES ('ME1003', 'Industrial Management, Basic Course');
INSERT INTO course_layout (course_id, min_students, max_students, hp, valid_from) VALUES (16, 10, 200, 6.0, '2020-01-01');
INSERT INTO course (course_code, course_name) VALUES ('DA1600', 'Writing in the Engineering Profession');
INSERT INTO course_layout (course_id, min_students, max_students, hp, valid_from) VALUES (17, 10, 200, 3.0, '2020-01-01');
INSERT INTO course (course_code, course_name) VALUES ('DD2380', 'Artificial Intelligence');
INSERT INTO course_layout (course_id, min_students, max_students, hp, valid_from) VALUES (18, 10, 200, 6.0, '2020-01-01');
INSERT INTO course (course_code, course_name) VALUES ('IV1351', 'Data Storage Paradigms');
INSERT INTO course_layout (course_id, min_students, max_students, hp, valid_from) VALUES (19, 10, 200, 7.5, '2020-01-01');
INSERT INTO course (course_code, course_name) VALUES ('DH1620', 'Human-Computer Interaction, Introductory Course');
INSERT INTO course_layout (course_id, min_students, max_students, hp, valid_from) VALUES (20, 10, 200, 6.0, '2020-01-01');
INSERT INTO course (course_code, course_name) VALUES ('SD2125', 'Signals and Mechanical Structures');
INSERT INTO course_layout (course_id, min_students, max_students, hp, valid_from) VALUES (21, 10, 200, 7.5, '2020-01-01');
INSERT INTO course (course_code, course_name) VALUES ('SG1102', 'Mechanics I');
INSERT INTO course_layout (course_id, min_students, max_students, hp, valid_from) VALUES (22, 10, 200, 6.0, '2020-01-01');
INSERT INTO course (course_code, course_name) VALUES ('SK1120', 'Physics, General Course');
INSERT INTO course_layout (course_id, min_students, max_students, hp, valid_from) VALUES (23, 10, 200, 9.0, '2020-01-01');
INSERT INTO course (course_code, course_name) VALUES ('BB1050', 'Biotechnology');
INSERT INTO course_layout (course_id, min_students, max_students, hp, valid_from) VALUES (24, 10, 200, 7.5, '2020-01-01');
INSERT INTO course_instance (course_layout_id, num_students, study_year) VALUES (1, 145, '2023');
INSERT INTO course_instance_period (course_instance_id, study_period) VALUES (1, 'P1');
INSERT INTO planned_activity (teaching_activity_id, course_instance_id, planned_hours) VALUES (1, 1, 23);
INSERT INTO allocated_activity (employee_id, planned_activity_id, allocated_hours) VALUES (16, 1, 23);
INSERT INTO planned_activity (teaching_activity_id, course_instance_id, planned_hours) VALUES (3, 1, 13);
INSERT INTO allocated_activity (employee_id, planned_activity_id, allocated_hours) VALUES (7, 2, 13);
INSERT INTO planned_activity (teaching_activity_id, course_instance_id, planned_hours) VALUES (7, 1, 24);
INSERT INTO allocated_activity (employee_id, planned_activity_id, allocated_hours) VALUES (16, 3, 24);
INSERT INTO planned_activity (teaching_activity_id, course_instance_id, planned_hours) VALUES (6, 1, 32);
INSERT INTO allocated_activity (employee_id, planned_activity_id, allocated_hours) VALUES (16, 4, 32);
INSERT INTO course_instance (course_layout_id, num_students, study_year) VALUES (2, 132, '2023');
INSERT INTO course_instance_period (course_instance_id, study_period) VALUES (2, 'P1');
INSERT INTO planned_activity (teaching_activity_id, course_instance_id, planned_hours) VALUES (1, 2, 18);
INSERT INTO allocated_activity (employee_id, planned_activity_id, allocated_hours) VALUES (97, 5, 18);
INSERT INTO planned_activity (teaching_activity_id, course_instance_id, planned_hours) VALUES (3, 2, 10);
INSERT INTO allocated_activity (employee_id, planned_activity_id, allocated_hours) VALUES (98, 6, 10);
INSERT INTO planned_activity (teaching_activity_id, course_instance_id, planned_hours) VALUES (7, 2, 54);
INSERT INTO allocated_activity (employee_id, planned_activity_id, allocated_hours) VALUES (97, 7, 54);
INSERT INTO planned_activity (teaching_activity_id, course_instance_id, planned_hours) VALUES (6, 2, 39);
INSERT INTO allocated_activity (employee_id, planned_activity_id, allocated_hours) VALUES (97, 8, 39);
INSERT INTO course_instance (course_layout_id, num_students, study_year) VALUES (4, 161, '2023');
INSERT INTO course_instance_period (course_instance_id, study_period) VALUES (3, 'P1');
INSERT INTO planned_activity (teaching_activity_id, course_instance_id, planned_hours) VALUES (1, 3, 19);
INSERT INTO allocated_activity (employee_id, planned_activity_id, allocated_hours) VALUES (4, 9, 19);
INSERT INTO planned_activity (teaching_activity_id, course_instance_id, planned_hours) VALUES (3, 3, 18);
INSERT INTO allocated_activity (employee_id, planned_activity_id, allocated_hours) VALUES (58, 10, 18);
INSERT INTO planned_activity (teaching_activity_id, course_instance_id, planned_hours) VALUES (5, 3, 15);
INSERT INTO allocated_activity (employee_id, planned_activity_id, allocated_hours) VALUES (23, 11, 15);
INSERT INTO planned_activity (teaching_activity_id, course_instance_id, planned_hours) VALUES (7, 3, 32);
INSERT INTO allocated_activity (employee_id, planned_activity_id, allocated_hours) VALUES (4, 12, 32);
INSERT INTO planned_activity (teaching_activity_id, course_instance_id, planned_hours) VALUES (6, 3, 65);
INSERT INTO allocated_activity (employee_id, planned_activity_id, allocated_hours) VALUES (4, 13, 65);
INSERT INTO course_instance (course_layout_id, num_students, study_year) VALUES (6, 80, '2023');
INSERT INTO course_instance_period (course_instance_id, study_period) VALUES (4, 'P1');
INSERT INTO planned_activity (teaching_activity_id, course_instance_id, planned_hours) VALUES (1, 4, 14);
INSERT INTO allocated_activity (employee_id, planned_activity_id, allocated_hours) VALUES (65, 14, 14);
INSERT INTO planned_activity (teaching_activity_id, course_instance_id, planned_hours) VALUES (2, 4, 52);
INSERT INTO allocated_activity (employee_id, planned_activity_id, allocated_hours) VALUES (72, 15, 52);
INSERT INTO planned_activity (teaching_activity_id, course_instance_id, planned_hours) VALUES (4, 4, 16);
INSERT INTO allocated_activity (employee_id, planned_activity_id, allocated_hours) VALUES (80, 16, 16);
INSERT INTO planned_activity (teaching_activity_id, course_instance_id, planned_hours) VALUES (7, 4, 24);
INSERT INTO allocated_activity (employee_id, planned_activity_id, allocated_hours) VALUES (65, 17, 24);
INSERT INTO planned_activity (teaching_activity_id, course_instance_id, planned_hours) VALUES (6, 4, 75);
INSERT INTO allocated_activity (employee_id, planned_activity_id, allocated_hours) VALUES (65, 18, 75);
INSERT INTO course_instance (course_layout_id, num_students, study_year) VALUES (7, 100, '2023');
INSERT INTO course_instance_period (course_instance_id, study_period) VALUES (5, 'P1');
INSERT INTO planned_activity (teaching_activity_id, course_instance_id, planned_hours) VALUES (1, 5, 10);
INSERT INTO allocated_activity (employee_id, planned_activity_id, allocated_hours) VALUES (43, 19, 10);
INSERT INTO planned_activity (teaching_activity_id, course_instance_id, planned_hours) VALUES (3, 5, 12);
INSERT INTO allocated_activity (employee_id, planned_activity_id, allocated_hours) VALUES (74, 20, 12);
INSERT INTO planned_activity (teaching_activity_id, course_instance_id, planned_hours) VALUES (7, 5, 58);
INSERT INTO allocated_activity (employee_id, planned_activity_id, allocated_hours) VALUES (43, 21, 58);
INSERT INTO planned_activity (teaching_activity_id, course_instance_id, planned_hours) VALUES (6, 5, 76);
INSERT INTO allocated_activity (employee_id, planned_activity_id, allocated_hours) VALUES (43, 22, 76);
INSERT INTO course_instance (course_layout_id, num_students, study_year) VALUES (9, 40, '2023');
INSERT INTO course_instance_period (course_instance_id, study_period) VALUES (6, 'P1');
INSERT INTO planned_activity (teaching_activity_id, course_instance_id, planned_hours) VALUES (1, 6, 17);
INSERT INTO allocated_activity (employee_id, planned_activity_id, allocated_hours) VALUES (84, 23, 17);
INSERT INTO planned_activity (teaching_activity_id, course_instance_id, planned_hours) VALUES (2, 6, 40);
INSERT INTO allocated_activity (employee_id, planned_activity_id, allocated_hours) VALUES (63, 24, 40);
INSERT INTO planned_activity (teaching_activity_id, course_instance_id, planned_hours) VALUES (4, 6, 20);
INSERT INTO allocated_activity (employee_id, planned_activity_id, allocated_hours) VALUES (86, 25, 20);
INSERT INTO planned_activity (teaching_activity_id, course_instance_id, planned_hours) VALUES (5, 6, 15);
INSERT INTO allocated_activity (employee_id, planned_activity_id, allocated_hours) VALUES (4, 26, 15);
INSERT INTO planned_activity (teaching_activity_id, course_instance_id, planned_hours) VALUES (7, 6, 55);
INSERT INTO allocated_activity (employee_id, planned_activity_id, allocated_hours) VALUES (84, 27, 55);
INSERT INTO planned_activity (teaching_activity_id, course_instance_id, planned_hours) VALUES (6, 6, 47);
INSERT INTO allocated_activity (employee_id, planned_activity_id, allocated_hours) VALUES (84, 28, 47);
INSERT INTO course_instance (course_layout_id, num_students, study_year) VALUES (13, 64, '2023');
INSERT INTO course_instance_period (course_instance_id, study_period) VALUES (7, 'P1');
INSERT INTO planned_activity (teaching_activity_id, course_instance_id, planned_hours) VALUES (1, 7, 17);
INSERT INTO allocated_activity (employee_id, planned_activity_id, allocated_hours) VALUES (39, 29, 17);
INSERT INTO planned_activity (teaching_activity_id, course_instance_id, planned_hours) VALUES (3, 7, 17);
INSERT INTO allocated_activity (employee_id, planned_activity_id, allocated_hours) VALUES (1, 30, 17);
INSERT INTO planned_activity (teaching_activity_id, course_instance_id, planned_hours) VALUES (4, 7, 19);
INSERT INTO allocated_activity (employee_id, planned_activity_id, allocated_hours) VALUES (67, 31, 19);
INSERT INTO planned_activity (teaching_activity_id, course_instance_id, planned_hours) VALUES (5, 7, 18);
INSERT INTO allocated_activity (employee_id, planned_activity_id, allocated_hours) VALUES (13, 32, 18);
INSERT INTO planned_activity (teaching_activity_id, course_instance_id, planned_hours) VALUES (7, 7, 32);
INSERT INTO allocated_activity (employee_id, planned_activity_id, allocated_hours) VALUES (39, 33, 32);
INSERT INTO planned_activity (teaching_activity_id, course_instance_id, planned_hours) VALUES (6, 7, 60);
INSERT INTO allocated_activity (employee_id, planned_activity_id, allocated_hours) VALUES (39, 34, 60);
INSERT INTO course_instance (course_layout_id, num_students, study_year) VALUES (17, 37, '2023');
INSERT INTO course_instance_period (course_instance_id, study_period) VALUES (8, 'P1');
INSERT INTO planned_activity (teaching_activity_id, course_instance_id, planned_hours) VALUES (1, 8, 22);
INSERT INTO allocated_activity (employee_id, planned_activity_id, allocated_hours) VALUES (6, 35, 22);
INSERT INTO planned_activity (teaching_activity_id, course_instance_id, planned_hours) VALUES (3, 8, 16);
INSERT INTO allocated_activity (employee_id, planned_activity_id, allocated_hours) VALUES (8, 36, 16);
INSERT INTO planned_activity (teaching_activity_id, course_instance_id, planned_hours) VALUES (7, 8, 58);
INSERT INTO allocated_activity (employee_id, planned_activity_id, allocated_hours) VALUES (6, 37, 58);
INSERT INTO planned_activity (teaching_activity_id, course_instance_id, planned_hours) VALUES (6, 8, 43);
INSERT INTO allocated_activity (employee_id, planned_activity_id, allocated_hours) VALUES (6, 38, 43);
INSERT INTO course_instance (course_layout_id, num_students, study_year) VALUES (19, 115, '2023');
INSERT INTO course_instance_period (course_instance_id, study_period) VALUES (9, 'P1');
INSERT INTO planned_activity (teaching_activity_id, course_instance_id, planned_hours) VALUES (1, 9, 14);
INSERT INTO allocated_activity (employee_id, planned_activity_id, allocated_hours) VALUES (20, 39, 14);
INSERT INTO planned_activity (teaching_activity_id, course_instance_id, planned_hours) VALUES (3, 9, 16);
INSERT INTO allocated_activity (employee_id, planned_activity_id, allocated_hours) VALUES (91, 40, 16);
INSERT INTO planned_activity (teaching_activity_id, course_instance_id, planned_hours) VALUES (4, 9, 19);
INSERT INTO allocated_activity (employee_id, planned_activity_id, allocated_hours) VALUES (12, 41, 19);
INSERT INTO planned_activity (teaching_activity_id, course_instance_id, planned_hours) VALUES (7, 9, 51);
INSERT INTO allocated_activity (employee_id, planned_activity_id, allocated_hours) VALUES (20, 42, 51);
INSERT INTO planned_activity (teaching_activity_id, course_instance_id, planned_hours) VALUES (6, 9, 72);
INSERT INTO allocated_activity (employee_id, planned_activity_id, allocated_hours) VALUES (20, 43, 72);
INSERT INTO course_instance (course_layout_id, num_students, study_year) VALUES (21, 168, '2023');
INSERT INTO course_instance_period (course_instance_id, study_period) VALUES (10, 'P1');
INSERT INTO planned_activity (teaching_activity_id, course_instance_id, planned_hours) VALUES (1, 10, 21);
INSERT INTO allocated_activity (employee_id, planned_activity_id, allocated_hours) VALUES (6, 44, 21);
INSERT INTO planned_activity (teaching_activity_id, course_instance_id, planned_hours) VALUES (3, 10, 17);
INSERT INTO allocated_activity (employee_id, planned_activity_id, allocated_hours) VALUES (2, 45, 17);
INSERT INTO planned_activity (teaching_activity_id, course_instance_id, planned_hours) VALUES (7, 10, 28);
INSERT INTO allocated_activity (employee_id, planned_activity_id, allocated_hours) VALUES (6, 46, 28);
INSERT INTO planned_activity (teaching_activity_id, course_instance_id, planned_hours) VALUES (6, 10, 70);
INSERT INTO allocated_activity (employee_id, planned_activity_id, allocated_hours) VALUES (6, 47, 70);
INSERT INTO course_instance (course_layout_id, num_students, study_year) VALUES (22, 156, '2023');
INSERT INTO course_instance_period (course_instance_id, study_period) VALUES (11, 'P1');
INSERT INTO planned_activity (teaching_activity_id, course_instance_id, planned_hours) VALUES (1, 11, 28);
INSERT INTO allocated_activity (employee_id, planned_activity_id, allocated_hours) VALUES (2, 48, 28);
INSERT INTO planned_activity (teaching_activity_id, course_instance_id, planned_hours) VALUES (3, 11, 12);
INSERT INTO allocated_activity (employee_id, planned_activity_id, allocated_hours) VALUES (90, 49, 12);
INSERT INTO planned_activity (teaching_activity_id, course_instance_id, planned_hours) VALUES (7, 11, 43);
INSERT INTO allocated_activity (employee_id, planned_activity_id, allocated_hours) VALUES (2, 50, 43);
INSERT INTO planned_activity (teaching_activity_id, course_instance_id, planned_hours) VALUES (6, 11, 53);
INSERT INTO allocated_activity (employee_id, planned_activity_id, allocated_hours) VALUES (15, 51, 53);
INSERT INTO course_instance (course_layout_id, num_students, study_year) VALUES (1, 70, '2023');
INSERT INTO course_instance_period (course_instance_id, study_period) VALUES (12, 'P2');
INSERT INTO planned_activity (teaching_activity_id, course_instance_id, planned_hours) VALUES (1, 12, 18);
INSERT INTO allocated_activity (employee_id, planned_activity_id, allocated_hours) VALUES (28, 52, 18);
INSERT INTO planned_activity (teaching_activity_id, course_instance_id, planned_hours) VALUES (3, 12, 11);
INSERT INTO allocated_activity (employee_id, planned_activity_id, allocated_hours) VALUES (98, 53, 11);
INSERT INTO planned_activity (teaching_activity_id, course_instance_id, planned_hours) VALUES (4, 12, 19);
INSERT INTO allocated_activity (employee_id, planned_activity_id, allocated_hours) VALUES (78, 54, 19);
INSERT INTO planned_activity (teaching_activity_id, course_instance_id, planned_hours) VALUES (5, 12, 11);
INSERT INTO allocated_activity (employee_id, planned_activity_id, allocated_hours) VALUES (16, 55, 11);
INSERT INTO planned_activity (teaching_activity_id, course_instance_id, planned_hours) VALUES (7, 12, 40);
INSERT INTO allocated_activity (employee_id, planned_activity_id, allocated_hours) VALUES (28, 56, 40);
INSERT INTO planned_activity (teaching_activity_id, course_instance_id, planned_hours) VALUES (6, 12, 59);
INSERT INTO allocated_activity (employee_id, planned_activity_id, allocated_hours) VALUES (28, 57, 59);
INSERT INTO course_instance (course_layout_id, num_students, study_year) VALUES (2, 30, '2023');
INSERT INTO course_instance_period (course_instance_id, study_period) VALUES (13, 'P2');
INSERT INTO planned_activity (teaching_activity_id, course_instance_id, planned_hours) VALUES (1, 13, 22);
INSERT INTO allocated_activity (employee_id, planned_activity_id, allocated_hours) VALUES (94, 58, 22);
INSERT INTO planned_activity (teaching_activity_id, course_instance_id, planned_hours) VALUES (3, 13, 10);
INSERT INTO allocated_activity (employee_id, planned_activity_id, allocated_hours) VALUES (52, 59, 10);
INSERT INTO planned_activity (teaching_activity_id, course_instance_id, planned_hours) VALUES (4, 13, 14);
INSERT INTO allocated_activity (employee_id, planned_activity_id, allocated_hours) VALUES (19, 60, 14);
INSERT INTO planned_activity (teaching_activity_id, course_instance_id, planned_hours) VALUES (7, 13, 59);
INSERT INTO allocated_activity (employee_id, planned_activity_id, allocated_hours) VALUES (94, 61, 59);
INSERT INTO planned_activity (teaching_activity_id, course_instance_id, planned_hours) VALUES (6, 13, 59);
INSERT INTO allocated_activity (employee_id, planned_activity_id, allocated_hours) VALUES (94, 62, 59);
INSERT INTO course_instance (course_layout_id, num_students, study_year) VALUES (3, 158, '2023');
INSERT INTO course_instance_period (course_instance_id, study_period) VALUES (14, 'P2');
INSERT INTO planned_activity (teaching_activity_id, course_instance_id, planned_hours) VALUES (1, 14, 24);
INSERT INTO allocated_activity (employee_id, planned_activity_id, allocated_hours) VALUES (23, 63, 24);
INSERT INTO planned_activity (teaching_activity_id, course_instance_id, planned_hours) VALUES (2, 14, 35);
INSERT INTO allocated_activity (employee_id, planned_activity_id, allocated_hours) VALUES (65, 64, 35);
INSERT INTO planned_activity (teaching_activity_id, course_instance_id, planned_hours) VALUES (5, 14, 19);
INSERT INTO allocated_activity (employee_id, planned_activity_id, allocated_hours) VALUES (16, 65, 19);
INSERT INTO planned_activity (teaching_activity_id, course_instance_id, planned_hours) VALUES (7, 14, 35);
INSERT INTO allocated_activity (employee_id, planned_activity_id, allocated_hours) VALUES (1, 66, 35);
INSERT INTO planned_activity (teaching_activity_id, course_instance_id, planned_hours) VALUES (6, 14, 80);
INSERT INTO allocated_activity (employee_id, planned_activity_id, allocated_hours) VALUES (98, 67, 80);
INSERT INTO course_instance (course_layout_id, num_students, study_year) VALUES (4, 120, '2023');
INSERT INTO course_instance_period (course_instance_id, study_period) VALUES (15, 'P2');
INSERT INTO planned_activity (teaching_activity_id, course_instance_id, planned_hours) VALUES (1, 15, 21);
INSERT INTO allocated_activity (employee_id, planned_activity_id, allocated_hours) VALUES (95, 68, 21);
INSERT INTO planned_activity (teaching_activity_id, course_instance_id, planned_hours) VALUES (3, 15, 17);
INSERT INTO allocated_activity (employee_id, planned_activity_id, allocated_hours) VALUES (60, 69, 17);
INSERT INTO planned_activity (teaching_activity_id, course_instance_id, planned_hours) VALUES (7, 15, 29);
INSERT INTO allocated_activity (employee_id, planned_activity_id, allocated_hours) VALUES (95, 70, 29);
INSERT INTO planned_activity (teaching_activity_id, course_instance_id, planned_hours) VALUES (6, 15, 53);
INSERT INTO allocated_activity (employee_id, planned_activity_id, allocated_hours) VALUES (95, 71, 53);
INSERT INTO course_instance (course_layout_id, num_students, study_year) VALUES (7, 162, '2023');
INSERT INTO course_instance_period (course_instance_id, study_period) VALUES (16, 'P2');
INSERT INTO planned_activity (teaching_activity_id, course_instance_id, planned_hours) VALUES (1, 16, 30);
INSERT INTO allocated_activity (employee_id, planned_activity_id, allocated_hours) VALUES (95, 72, 30);
INSERT INTO planned_activity (teaching_activity_id, course_instance_id, planned_hours) VALUES (2, 16, 53);
INSERT INTO allocated_activity (employee_id, planned_activity_id, allocated_hours) VALUES (40, 73, 53);
INSERT INTO planned_activity (teaching_activity_id, course_instance_id, planned_hours) VALUES (7, 16, 52);
INSERT INTO allocated_activity (employee_id, planned_activity_id, allocated_hours) VALUES (95, 74, 52);
INSERT INTO planned_activity (teaching_activity_id, course_instance_id, planned_hours) VALUES (6, 16, 64);
INSERT INTO allocated_activity (employee_id, planned_activity_id, allocated_hours) VALUES (95, 75, 64);
INSERT INTO course_instance (course_layout_id, num_students, study_year) VALUES (9, 156, '2023');
INSERT INTO course_instance_period (course_instance_id, study_period) VALUES (17, 'P2');
INSERT INTO planned_activity (teaching_activity_id, course_instance_id, planned_hours) VALUES (1, 17, 15);
INSERT INTO allocated_activity (employee_id, planned_activity_id, allocated_hours) VALUES (67, 76, 15);
INSERT INTO planned_activity (teaching_activity_id, course_instance_id, planned_hours) VALUES (3, 17, 10);
INSERT INTO allocated_activity (employee_id, planned_activity_id, allocated_hours) VALUES (45, 77, 10);
INSERT INTO planned_activity (teaching_activity_id, course_instance_id, planned_hours) VALUES (7, 17, 23);
INSERT INTO allocated_activity (employee_id, planned_activity_id, allocated_hours) VALUES (67, 78, 23);
INSERT INTO planned_activity (teaching_activity_id, course_instance_id, planned_hours) VALUES (6, 17, 38);
INSERT INTO allocated_activity (employee_id, planned_activity_id, allocated_hours) VALUES (67, 79, 38);
INSERT INTO course_instance (course_layout_id, num_students, study_year) VALUES (10, 169, '2023');
INSERT INTO course_instance_period (course_instance_id, study_period) VALUES (18, 'P2');
INSERT INTO planned_activity (teaching_activity_id, course_instance_id, planned_hours) VALUES (1, 18, 25);
INSERT INTO allocated_activity (employee_id, planned_activity_id, allocated_hours) VALUES (46, 80, 25);
INSERT INTO planned_activity (teaching_activity_id, course_instance_id, planned_hours) VALUES (3, 18, 15);
INSERT INTO allocated_activity (employee_id, planned_activity_id, allocated_hours) VALUES (60, 81, 15);
INSERT INTO planned_activity (teaching_activity_id, course_instance_id, planned_hours) VALUES (7, 18, 34);
INSERT INTO allocated_activity (employee_id, planned_activity_id, allocated_hours) VALUES (46, 82, 34);
INSERT INTO planned_activity (teaching_activity_id, course_instance_id, planned_hours) VALUES (6, 18, 44);
INSERT INTO allocated_activity (employee_id, planned_activity_id, allocated_hours) VALUES (46, 83, 44);
INSERT INTO course_instance (course_layout_id, num_students, study_year) VALUES (13, 164, '2023');
INSERT INTO course_instance_period (course_instance_id, study_period) VALUES (19, 'P2');
INSERT INTO planned_activity (teaching_activity_id, course_instance_id, planned_hours) VALUES (1, 19, 14);
INSERT INTO allocated_activity (employee_id, planned_activity_id, allocated_hours) VALUES (77, 84, 14);
INSERT INTO planned_activity (teaching_activity_id, course_instance_id, planned_hours) VALUES (3, 19, 14);
INSERT INTO allocated_activity (employee_id, planned_activity_id, allocated_hours) VALUES (41, 85, 14);
INSERT INTO planned_activity (teaching_activity_id, course_instance_id, planned_hours) VALUES (7, 19, 55);
INSERT INTO allocated_activity (employee_id, planned_activity_id, allocated_hours) VALUES (77, 86, 55);
INSERT INTO planned_activity (teaching_activity_id, course_instance_id, planned_hours) VALUES (6, 19, 43);
INSERT INTO allocated_activity (employee_id, planned_activity_id, allocated_hours) VALUES (61, 87, 43);
INSERT INTO course_instance (course_layout_id, num_students, study_year) VALUES (14, 135, '2023');
INSERT INTO course_instance_period (course_instance_id, study_period) VALUES (20, 'P2');
INSERT INTO planned_activity (teaching_activity_id, course_instance_id, planned_hours) VALUES (1, 20, 26);
INSERT INTO allocated_activity (employee_id, planned_activity_id, allocated_hours) VALUES (57, 88, 26);
INSERT INTO planned_activity (teaching_activity_id, course_instance_id, planned_hours) VALUES (3, 20, 13);
INSERT INTO allocated_activity (employee_id, planned_activity_id, allocated_hours) VALUES (75, 89, 13);
INSERT INTO planned_activity (teaching_activity_id, course_instance_id, planned_hours) VALUES (4, 20, 15);
INSERT INTO allocated_activity (employee_id, planned_activity_id, allocated_hours) VALUES (28, 90, 15);
INSERT INTO planned_activity (teaching_activity_id, course_instance_id, planned_hours) VALUES (7, 20, 37);
INSERT INTO allocated_activity (employee_id, planned_activity_id, allocated_hours) VALUES (57, 91, 37);
INSERT INTO planned_activity (teaching_activity_id, course_instance_id, planned_hours) VALUES (6, 20, 74);
INSERT INTO allocated_activity (employee_id, planned_activity_id, allocated_hours) VALUES (57, 92, 74);
INSERT INTO course_instance (course_layout_id, num_students, study_year) VALUES (15, 172, '2023');
INSERT INTO course_instance_period (course_instance_id, study_period) VALUES (21, 'P2');
INSERT INTO planned_activity (teaching_activity_id, course_instance_id, planned_hours) VALUES (1, 21, 11);
INSERT INTO allocated_activity (employee_id, planned_activity_id, allocated_hours) VALUES (44, 93, 11);
INSERT INTO planned_activity (teaching_activity_id, course_instance_id, planned_hours) VALUES (2, 21, 27);
INSERT INTO allocated_activity (employee_id, planned_activity_id, allocated_hours) VALUES (22, 94, 27);
INSERT INTO planned_activity (teaching_activity_id, course_instance_id, planned_hours) VALUES (4, 21, 15);
INSERT INTO allocated_activity (employee_id, planned_activity_id, allocated_hours) VALUES (35, 95, 15);
INSERT INTO planned_activity (teaching_activity_id, course_instance_id, planned_hours) VALUES (5, 21, 18);
INSERT INTO allocated_activity (employee_id, planned_activity_id, allocated_hours) VALUES (49, 96, 18);
INSERT INTO planned_activity (teaching_activity_id, course_instance_id, planned_hours) VALUES (7, 21, 59);
INSERT INTO allocated_activity (employee_id, planned_activity_id, allocated_hours) VALUES (44, 97, 59);
INSERT INTO planned_activity (teaching_activity_id, course_instance_id, planned_hours) VALUES (6, 21, 62);
INSERT INTO allocated_activity (employee_id, planned_activity_id, allocated_hours) VALUES (44, 98, 62);
INSERT INTO course_instance (course_layout_id, num_students, study_year) VALUES (16, 90, '2023');
INSERT INTO course_instance_period (course_instance_id, study_period) VALUES (22, 'P2');
INSERT INTO planned_activity (teaching_activity_id, course_instance_id, planned_hours) VALUES (1, 22, 19);
INSERT INTO allocated_activity (employee_id, planned_activity_id, allocated_hours) VALUES (29, 99, 19);
INSERT INTO planned_activity (teaching_activity_id, course_instance_id, planned_hours) VALUES (3, 22, 14);
INSERT INTO allocated_activity (employee_id, planned_activity_id, allocated_hours) VALUES (83, 100, 14);
INSERT INTO planned_activity (teaching_activity_id, course_instance_id, planned_hours) VALUES (4, 22, 12);
INSERT INTO allocated_activity (employee_id, planned_activity_id, allocated_hours) VALUES (8, 101, 12);
INSERT INTO planned_activity (teaching_activity_id, course_instance_id, planned_hours) VALUES (7, 22, 20);
INSERT INTO allocated_activity (employee_id, planned_activity_id, allocated_hours) VALUES (29, 102, 20);
INSERT INTO planned_activity (teaching_activity_id, course_instance_id, planned_hours) VALUES (6, 22, 51);
INSERT INTO allocated_activity (employee_id, planned_activity_id, allocated_hours) VALUES (29, 103, 51);
INSERT INTO course_instance (course_layout_id, num_students, study_year) VALUES (17, 119, '2023');
INSERT INTO course_instance_period (course_instance_id, study_period) VALUES (23, 'P2');
INSERT INTO planned_activity (teaching_activity_id, course_instance_id, planned_hours) VALUES (1, 23, 28);
INSERT INTO allocated_activity (employee_id, planned_activity_id, allocated_hours) VALUES (20, 104, 28);
INSERT INTO planned_activity (teaching_activity_id, course_instance_id, planned_hours) VALUES (3, 23, 18);
INSERT INTO allocated_activity (employee_id, planned_activity_id, allocated_hours) VALUES (45, 105, 18);
INSERT INTO planned_activity (teaching_activity_id, course_instance_id, planned_hours) VALUES (4, 23, 11);
INSERT INTO allocated_activity (employee_id, planned_activity_id, allocated_hours) VALUES (59, 106, 11);
INSERT INTO planned_activity (teaching_activity_id, course_instance_id, planned_hours) VALUES (7, 23, 23);
INSERT INTO allocated_activity (employee_id, planned_activity_id, allocated_hours) VALUES (15, 107, 23);
INSERT INTO planned_activity (teaching_activity_id, course_instance_id, planned_hours) VALUES (6, 23, 78);
INSERT INTO allocated_activity (employee_id, planned_activity_id, allocated_hours) VALUES (20, 108, 78);
INSERT INTO course_instance (course_layout_id, num_students, study_year) VALUES (18, 113, '2023');
INSERT INTO course_instance_period (course_instance_id, study_period) VALUES (24, 'P2');
INSERT INTO planned_activity (teaching_activity_id, course_instance_id, planned_hours) VALUES (1, 24, 15);
INSERT INTO allocated_activity (employee_id, planned_activity_id, allocated_hours) VALUES (31, 109, 15);
INSERT INTO planned_activity (teaching_activity_id, course_instance_id, planned_hours) VALUES (3, 24, 10);
INSERT INTO allocated_activity (employee_id, planned_activity_id, allocated_hours) VALUES (38, 110, 10);
INSERT INTO planned_activity (teaching_activity_id, course_instance_id, planned_hours) VALUES (4, 24, 11);
INSERT INTO allocated_activity (employee_id, planned_activity_id, allocated_hours) VALUES (35, 111, 11);
INSERT INTO planned_activity (teaching_activity_id, course_instance_id, planned_hours) VALUES (7, 24, 49);
INSERT INTO allocated_activity (employee_id, planned_activity_id, allocated_hours) VALUES (88, 112, 49);
INSERT INTO planned_activity (teaching_activity_id, course_instance_id, planned_hours) VALUES (6, 24, 78);
INSERT INTO allocated_activity (employee_id, planned_activity_id, allocated_hours) VALUES (88, 113, 78);
INSERT INTO course_instance (course_layout_id, num_students, study_year) VALUES (21, 34, '2023');
INSERT INTO course_instance_period (course_instance_id, study_period) VALUES (25, 'P2');
INSERT INTO planned_activity (teaching_activity_id, course_instance_id, planned_hours) VALUES (1, 25, 23);
INSERT INTO allocated_activity (employee_id, planned_activity_id, allocated_hours) VALUES (24, 114, 23);
INSERT INTO planned_activity (teaching_activity_id, course_instance_id, planned_hours) VALUES (2, 25, 44);
INSERT INTO allocated_activity (employee_id, planned_activity_id, allocated_hours) VALUES (9, 115, 44);
INSERT INTO planned_activity (teaching_activity_id, course_instance_id, planned_hours) VALUES (4, 25, 20);
INSERT INTO allocated_activity (employee_id, planned_activity_id, allocated_hours) VALUES (94, 116, 20);
INSERT INTO planned_activity (teaching_activity_id, course_instance_id, planned_hours) VALUES (7, 25, 46);
INSERT INTO allocated_activity (employee_id, planned_activity_id, allocated_hours) VALUES (24, 117, 46);
INSERT INTO planned_activity (teaching_activity_id, course_instance_id, planned_hours) VALUES (6, 25, 40);
INSERT INTO allocated_activity (employee_id, planned_activity_id, allocated_hours) VALUES (62, 118, 40);
INSERT INTO course_instance (course_layout_id, num_students, study_year) VALUES (24, 58, '2023');
INSERT INTO course_instance_period (course_instance_id, study_period) VALUES (26, 'P2');
INSERT INTO planned_activity (teaching_activity_id, course_instance_id, planned_hours) VALUES (1, 26, 17);
INSERT INTO allocated_activity (employee_id, planned_activity_id, allocated_hours) VALUES (6, 119, 17);
INSERT INTO planned_activity (teaching_activity_id, course_instance_id, planned_hours) VALUES (3, 26, 10);
INSERT INTO allocated_activity (employee_id, planned_activity_id, allocated_hours) VALUES (34, 120, 10);
INSERT INTO planned_activity (teaching_activity_id, course_instance_id, planned_hours) VALUES (7, 26, 35);
INSERT INTO allocated_activity (employee_id, planned_activity_id, allocated_hours) VALUES (6, 121, 35);
INSERT INTO planned_activity (teaching_activity_id, course_instance_id, planned_hours) VALUES (6, 26, 34);
INSERT INTO allocated_activity (employee_id, planned_activity_id, allocated_hours) VALUES (6, 122, 34);
INSERT INTO course_instance (course_layout_id, num_students, study_year) VALUES (1, 50, '2023');
INSERT INTO course_instance_period (course_instance_id, study_period) VALUES (27, 'P3');
INSERT INTO planned_activity (teaching_activity_id, course_instance_id, planned_hours) VALUES (1, 27, 30);
INSERT INTO allocated_activity (employee_id, planned_activity_id, allocated_hours) VALUES (34, 123, 30);
INSERT INTO planned_activity (teaching_activity_id, course_instance_id, planned_hours) VALUES (2, 27, 45);
INSERT INTO allocated_activity (employee_id, planned_activity_id, allocated_hours) VALUES (75, 124, 45);
INSERT INTO planned_activity (teaching_activity_id, course_instance_id, planned_hours) VALUES (4, 27, 11);
INSERT INTO allocated_activity (employee_id, planned_activity_id, allocated_hours) VALUES (22, 125, 11);
INSERT INTO planned_activity (teaching_activity_id, course_instance_id, planned_hours) VALUES (7, 27, 29);
INSERT INTO allocated_activity (employee_id, planned_activity_id, allocated_hours) VALUES (34, 126, 29);
INSERT INTO planned_activity (teaching_activity_id, course_instance_id, planned_hours) VALUES (6, 27, 63);
INSERT INTO allocated_activity (employee_id, planned_activity_id, allocated_hours) VALUES (34, 127, 63);
INSERT INTO course_instance (course_layout_id, num_students, study_year) VALUES (2, 77, '2023');
INSERT INTO course_instance_period (course_instance_id, study_period) VALUES (28, 'P3');
INSERT INTO planned_activity (teaching_activity_id, course_instance_id, planned_hours) VALUES (1, 28, 16);
INSERT INTO allocated_activity (employee_id, planned_activity_id, allocated_hours) VALUES (98, 128, 16);
INSERT INTO planned_activity (teaching_activity_id, course_instance_id, planned_hours) VALUES (3, 28, 16);
INSERT INTO allocated_activity (employee_id, planned_activity_id, allocated_hours) VALUES (77, 129, 16);
INSERT INTO planned_activity (teaching_activity_id, course_instance_id, planned_hours) VALUES (5, 28, 15);
INSERT INTO allocated_activity (employee_id, planned_activity_id, allocated_hours) VALUES (13, 130, 15);
INSERT INTO planned_activity (teaching_activity_id, course_instance_id, planned_hours) VALUES (7, 28, 42);
INSERT INTO allocated_activity (employee_id, planned_activity_id, allocated_hours) VALUES (98, 131, 42);
INSERT INTO planned_activity (teaching_activity_id, course_instance_id, planned_hours) VALUES (6, 28, 72);
INSERT INTO allocated_activity (employee_id, planned_activity_id, allocated_hours) VALUES (98, 132, 72);
INSERT INTO course_instance (course_layout_id, num_students, study_year) VALUES (3, 48, '2023');
INSERT INTO course_instance_period (course_instance_id, study_period) VALUES (29, 'P3');
INSERT INTO planned_activity (teaching_activity_id, course_instance_id, planned_hours) VALUES (1, 29, 16);
INSERT INTO allocated_activity (employee_id, planned_activity_id, allocated_hours) VALUES (54, 133, 16);
INSERT INTO planned_activity (teaching_activity_id, course_instance_id, planned_hours) VALUES (3, 29, 15);
INSERT INTO allocated_activity (employee_id, planned_activity_id, allocated_hours) VALUES (46, 134, 15);
INSERT INTO planned_activity (teaching_activity_id, course_instance_id, planned_hours) VALUES (7, 29, 20);
INSERT INTO allocated_activity (employee_id, planned_activity_id, allocated_hours) VALUES (54, 135, 20);
INSERT INTO planned_activity (teaching_activity_id, course_instance_id, planned_hours) VALUES (6, 29, 71);
INSERT INTO allocated_activity (employee_id, planned_activity_id, allocated_hours) VALUES (54, 136, 71);
INSERT INTO course_instance (course_layout_id, num_students, study_year) VALUES (5, 144, '2023');
INSERT INTO course_instance_period (course_instance_id, study_period) VALUES (30, 'P3');
INSERT INTO planned_activity (teaching_activity_id, course_instance_id, planned_hours) VALUES (1, 30, 12);
INSERT INTO allocated_activity (employee_id, planned_activity_id, allocated_hours) VALUES (62, 137, 12);
INSERT INTO planned_activity (teaching_activity_id, course_instance_id, planned_hours) VALUES (3, 30, 20);
INSERT INTO allocated_activity (employee_id, planned_activity_id, allocated_hours) VALUES (49, 138, 20);
INSERT INTO planned_activity (teaching_activity_id, course_instance_id, planned_hours) VALUES (7, 30, 32);
INSERT INTO allocated_activity (employee_id, planned_activity_id, allocated_hours) VALUES (62, 139, 32);
INSERT INTO planned_activity (teaching_activity_id, course_instance_id, planned_hours) VALUES (6, 30, 79);
INSERT INTO allocated_activity (employee_id, planned_activity_id, allocated_hours) VALUES (83, 140, 79);
INSERT INTO course_instance (course_layout_id, num_students, study_year) VALUES (6, 50, '2023');
INSERT INTO course_instance_period (course_instance_id, study_period) VALUES (31, 'P3');
INSERT INTO planned_activity (teaching_activity_id, course_instance_id, planned_hours) VALUES (1, 31, 15);
INSERT INTO allocated_activity (employee_id, planned_activity_id, allocated_hours) VALUES (14, 141, 15);
INSERT INTO planned_activity (teaching_activity_id, course_instance_id, planned_hours) VALUES (3, 31, 10);
INSERT INTO allocated_activity (employee_id, planned_activity_id, allocated_hours) VALUES (48, 142, 10);
INSERT INTO planned_activity (teaching_activity_id, course_instance_id, planned_hours) VALUES (7, 31, 52);
INSERT INTO allocated_activity (employee_id, planned_activity_id, allocated_hours) VALUES (14, 143, 52);
INSERT INTO planned_activity (teaching_activity_id, course_instance_id, planned_hours) VALUES (6, 31, 35);
INSERT INTO allocated_activity (employee_id, planned_activity_id, allocated_hours) VALUES (14, 144, 35);
INSERT INTO course_instance (course_layout_id, num_students, study_year) VALUES (7, 146, '2023');
INSERT INTO course_instance_period (course_instance_id, study_period) VALUES (32, 'P3');
INSERT INTO planned_activity (teaching_activity_id, course_instance_id, planned_hours) VALUES (1, 32, 26);
INSERT INTO allocated_activity (employee_id, planned_activity_id, allocated_hours) VALUES (50, 145, 26);
INSERT INTO planned_activity (teaching_activity_id, course_instance_id, planned_hours) VALUES (2, 32, 20);
INSERT INTO allocated_activity (employee_id, planned_activity_id, allocated_hours) VALUES (17, 146, 20);
INSERT INTO planned_activity (teaching_activity_id, course_instance_id, planned_hours) VALUES (4, 32, 16);
INSERT INTO allocated_activity (employee_id, planned_activity_id, allocated_hours) VALUES (28, 147, 16);
INSERT INTO planned_activity (teaching_activity_id, course_instance_id, planned_hours) VALUES (5, 32, 11);
INSERT INTO allocated_activity (employee_id, planned_activity_id, allocated_hours) VALUES (79, 148, 11);
INSERT INTO planned_activity (teaching_activity_id, course_instance_id, planned_hours) VALUES (7, 32, 28);
INSERT INTO allocated_activity (employee_id, planned_activity_id, allocated_hours) VALUES (50, 149, 28);
INSERT INTO planned_activity (teaching_activity_id, course_instance_id, planned_hours) VALUES (6, 32, 32);
INSERT INTO allocated_activity (employee_id, planned_activity_id, allocated_hours) VALUES (50, 150, 32);
INSERT INTO course_instance (course_layout_id, num_students, study_year) VALUES (8, 170, '2023');
INSERT INTO course_instance_period (course_instance_id, study_period) VALUES (33, 'P3');
INSERT INTO planned_activity (teaching_activity_id, course_instance_id, planned_hours) VALUES (1, 33, 15);
INSERT INTO allocated_activity (employee_id, planned_activity_id, allocated_hours) VALUES (41, 151, 15);
INSERT INTO planned_activity (teaching_activity_id, course_instance_id, planned_hours) VALUES (3, 33, 18);
INSERT INTO allocated_activity (employee_id, planned_activity_id, allocated_hours) VALUES (25, 152, 18);
INSERT INTO planned_activity (teaching_activity_id, course_instance_id, planned_hours) VALUES (4, 33, 18);
INSERT INTO allocated_activity (employee_id, planned_activity_id, allocated_hours) VALUES (47, 153, 18);
INSERT INTO planned_activity (teaching_activity_id, course_instance_id, planned_hours) VALUES (7, 33, 39);
INSERT INTO allocated_activity (employee_id, planned_activity_id, allocated_hours) VALUES (41, 154, 39);
INSERT INTO planned_activity (teaching_activity_id, course_instance_id, planned_hours) VALUES (6, 33, 36);
INSERT INTO allocated_activity (employee_id, planned_activity_id, allocated_hours) VALUES (41, 155, 36);
INSERT INTO course_instance (course_layout_id, num_students, study_year) VALUES (9, 104, '2023');
INSERT INTO course_instance_period (course_instance_id, study_period) VALUES (34, 'P3');
INSERT INTO planned_activity (teaching_activity_id, course_instance_id, planned_hours) VALUES (1, 34, 24);
INSERT INTO allocated_activity (employee_id, planned_activity_id, allocated_hours) VALUES (30, 156, 24);
INSERT INTO planned_activity (teaching_activity_id, course_instance_id, planned_hours) VALUES (3, 34, 16);
INSERT INTO allocated_activity (employee_id, planned_activity_id, allocated_hours) VALUES (30, 157, 16);
INSERT INTO planned_activity (teaching_activity_id, course_instance_id, planned_hours) VALUES (4, 34, 11);
INSERT INTO allocated_activity (employee_id, planned_activity_id, allocated_hours) VALUES (49, 158, 11);
INSERT INTO planned_activity (teaching_activity_id, course_instance_id, planned_hours) VALUES (7, 34, 36);
INSERT INTO allocated_activity (employee_id, planned_activity_id, allocated_hours) VALUES (30, 159, 36);
INSERT INTO planned_activity (teaching_activity_id, course_instance_id, planned_hours) VALUES (6, 34, 75);
INSERT INTO allocated_activity (employee_id, planned_activity_id, allocated_hours) VALUES (30, 160, 75);
INSERT INTO course_instance (course_layout_id, num_students, study_year) VALUES (11, 130, '2023');
INSERT INTO course_instance_period (course_instance_id, study_period) VALUES (35, 'P3');
INSERT INTO planned_activity (teaching_activity_id, course_instance_id, planned_hours) VALUES (1, 35, 29);
INSERT INTO allocated_activity (employee_id, planned_activity_id, allocated_hours) VALUES (86, 161, 29);
INSERT INTO planned_activity (teaching_activity_id, course_instance_id, planned_hours) VALUES (3, 35, 17);
INSERT INTO allocated_activity (employee_id, planned_activity_id, allocated_hours) VALUES (54, 162, 17);
INSERT INTO planned_activity (teaching_activity_id, course_instance_id, planned_hours) VALUES (4, 35, 18);
INSERT INTO allocated_activity (employee_id, planned_activity_id, allocated_hours) VALUES (7, 163, 18);
INSERT INTO planned_activity (teaching_activity_id, course_instance_id, planned_hours) VALUES (7, 35, 23);
INSERT INTO allocated_activity (employee_id, planned_activity_id, allocated_hours) VALUES (86, 164, 23);
INSERT INTO planned_activity (teaching_activity_id, course_instance_id, planned_hours) VALUES (6, 35, 44);
INSERT INTO allocated_activity (employee_id, planned_activity_id, allocated_hours) VALUES (86, 165, 44);
INSERT INTO course_instance (course_layout_id, num_students, study_year) VALUES (18, 171, '2023');
INSERT INTO course_instance_period (course_instance_id, study_period) VALUES (36, 'P3');
INSERT INTO planned_activity (teaching_activity_id, course_instance_id, planned_hours) VALUES (1, 36, 25);
INSERT INTO allocated_activity (employee_id, planned_activity_id, allocated_hours) VALUES (21, 166, 25);
INSERT INTO planned_activity (teaching_activity_id, course_instance_id, planned_hours) VALUES (3, 36, 14);
INSERT INTO allocated_activity (employee_id, planned_activity_id, allocated_hours) VALUES (97, 167, 14);
INSERT INTO planned_activity (teaching_activity_id, course_instance_id, planned_hours) VALUES (4, 36, 14);
INSERT INTO allocated_activity (employee_id, planned_activity_id, allocated_hours) VALUES (2, 168, 14);
INSERT INTO planned_activity (teaching_activity_id, course_instance_id, planned_hours) VALUES (7, 36, 22);
INSERT INTO allocated_activity (employee_id, planned_activity_id, allocated_hours) VALUES (61, 169, 22);
INSERT INTO planned_activity (teaching_activity_id, course_instance_id, planned_hours) VALUES (6, 36, 53);
INSERT INTO allocated_activity (employee_id, planned_activity_id, allocated_hours) VALUES (98, 170, 53);
INSERT INTO course_instance (course_layout_id, num_students, study_year) VALUES (20, 124, '2023');
INSERT INTO course_instance_period (course_instance_id, study_period) VALUES (37, 'P3');
INSERT INTO planned_activity (teaching_activity_id, course_instance_id, planned_hours) VALUES (1, 37, 22);
INSERT INTO allocated_activity (employee_id, planned_activity_id, allocated_hours) VALUES (90, 171, 22);
INSERT INTO planned_activity (teaching_activity_id, course_instance_id, planned_hours) VALUES (3, 37, 11);
INSERT INTO allocated_activity (employee_id, planned_activity_id, allocated_hours) VALUES (3, 172, 11);
INSERT INTO planned_activity (teaching_activity_id, course_instance_id, planned_hours) VALUES (4, 37, 18);
INSERT INTO allocated_activity (employee_id, planned_activity_id, allocated_hours) VALUES (98, 173, 18);
INSERT INTO planned_activity (teaching_activity_id, course_instance_id, planned_hours) VALUES (7, 37, 23);
INSERT INTO allocated_activity (employee_id, planned_activity_id, allocated_hours) VALUES (90, 174, 23);
INSERT INTO planned_activity (teaching_activity_id, course_instance_id, planned_hours) VALUES (6, 37, 46);
INSERT INTO allocated_activity (employee_id, planned_activity_id, allocated_hours) VALUES (90, 175, 46);
INSERT INTO course_instance (course_layout_id, num_students, study_year) VALUES (21, 49, '2023');
INSERT INTO course_instance_period (course_instance_id, study_period) VALUES (38, 'P3');
INSERT INTO planned_activity (teaching_activity_id, course_instance_id, planned_hours) VALUES (1, 38, 15);
INSERT INTO allocated_activity (employee_id, planned_activity_id, allocated_hours) VALUES (19, 176, 15);
INSERT INTO planned_activity (teaching_activity_id, course_instance_id, planned_hours) VALUES (3, 38, 20);
INSERT INTO allocated_activity (employee_id, planned_activity_id, allocated_hours) VALUES (94, 177, 20);
INSERT INTO planned_activity (teaching_activity_id, course_instance_id, planned_hours) VALUES (5, 38, 15);
INSERT INTO allocated_activity (employee_id, planned_activity_id, allocated_hours) VALUES (39, 178, 15);
INSERT INTO planned_activity (teaching_activity_id, course_instance_id, planned_hours) VALUES (7, 38, 37);
INSERT INTO allocated_activity (employee_id, planned_activity_id, allocated_hours) VALUES (19, 179, 37);
INSERT INTO planned_activity (teaching_activity_id, course_instance_id, planned_hours) VALUES (6, 38, 44);
INSERT INTO allocated_activity (employee_id, planned_activity_id, allocated_hours) VALUES (19, 180, 44);
INSERT INTO course_instance (course_layout_id, num_students, study_year) VALUES (22, 121, '2023');
INSERT INTO course_instance_period (course_instance_id, study_period) VALUES (39, 'P3');
INSERT INTO planned_activity (teaching_activity_id, course_instance_id, planned_hours) VALUES (1, 39, 23);
INSERT INTO allocated_activity (employee_id, planned_activity_id, allocated_hours) VALUES (27, 181, 23);
INSERT INTO planned_activity (teaching_activity_id, course_instance_id, planned_hours) VALUES (2, 39, 20);
INSERT INTO allocated_activity (employee_id, planned_activity_id, allocated_hours) VALUES (61, 182, 20);
INSERT INTO planned_activity (teaching_activity_id, course_instance_id, planned_hours) VALUES (5, 39, 19);
INSERT INTO allocated_activity (employee_id, planned_activity_id, allocated_hours) VALUES (53, 183, 19);
INSERT INTO planned_activity (teaching_activity_id, course_instance_id, planned_hours) VALUES (7, 39, 46);
INSERT INTO allocated_activity (employee_id, planned_activity_id, allocated_hours) VALUES (27, 184, 46);
INSERT INTO planned_activity (teaching_activity_id, course_instance_id, planned_hours) VALUES (6, 39, 36);
INSERT INTO allocated_activity (employee_id, planned_activity_id, allocated_hours) VALUES (27, 185, 36);
INSERT INTO course_instance (course_layout_id, num_students, study_year) VALUES (4, 31, '2023');
INSERT INTO course_instance_period (course_instance_id, study_period) VALUES (40, 'P4');
INSERT INTO planned_activity (teaching_activity_id, course_instance_id, planned_hours) VALUES (1, 40, 21);
INSERT INTO allocated_activity (employee_id, planned_activity_id, allocated_hours) VALUES (66, 186, 21);
INSERT INTO planned_activity (teaching_activity_id, course_instance_id, planned_hours) VALUES (3, 40, 10);
INSERT INTO allocated_activity (employee_id, planned_activity_id, allocated_hours) VALUES (75, 187, 10);
INSERT INTO planned_activity (teaching_activity_id, course_instance_id, planned_hours) VALUES (7, 40, 44);
INSERT INTO allocated_activity (employee_id, planned_activity_id, allocated_hours) VALUES (66, 188, 44);
INSERT INTO planned_activity (teaching_activity_id, course_instance_id, planned_hours) VALUES (6, 40, 44);
INSERT INTO allocated_activity (employee_id, planned_activity_id, allocated_hours) VALUES (94, 189, 44);
INSERT INTO course_instance (course_layout_id, num_students, study_year) VALUES (5, 100, '2023');
INSERT INTO course_instance_period (course_instance_id, study_period) VALUES (41, 'P4');
INSERT INTO planned_activity (teaching_activity_id, course_instance_id, planned_hours) VALUES (1, 41, 12);
INSERT INTO allocated_activity (employee_id, planned_activity_id, allocated_hours) VALUES (79, 190, 12);
INSERT INTO planned_activity (teaching_activity_id, course_instance_id, planned_hours) VALUES (3, 41, 16);
INSERT INTO allocated_activity (employee_id, planned_activity_id, allocated_hours) VALUES (40, 191, 16);
INSERT INTO planned_activity (teaching_activity_id, course_instance_id, planned_hours) VALUES (4, 41, 15);
INSERT INTO allocated_activity (employee_id, planned_activity_id, allocated_hours) VALUES (33, 192, 15);
INSERT INTO planned_activity (teaching_activity_id, course_instance_id, planned_hours) VALUES (7, 41, 45);
INSERT INTO allocated_activity (employee_id, planned_activity_id, allocated_hours) VALUES (39, 193, 45);
INSERT INTO planned_activity (teaching_activity_id, course_instance_id, planned_hours) VALUES (6, 41, 72);
INSERT INTO allocated_activity (employee_id, planned_activity_id, allocated_hours) VALUES (39, 194, 72);
INSERT INTO course_instance (course_layout_id, num_students, study_year) VALUES (6, 149, '2023');
INSERT INTO course_instance_period (course_instance_id, study_period) VALUES (42, 'P4');
INSERT INTO planned_activity (teaching_activity_id, course_instance_id, planned_hours) VALUES (1, 42, 24);
INSERT INTO allocated_activity (employee_id, planned_activity_id, allocated_hours) VALUES (80, 195, 24);
INSERT INTO planned_activity (teaching_activity_id, course_instance_id, planned_hours) VALUES (3, 42, 18);
INSERT INTO allocated_activity (employee_id, planned_activity_id, allocated_hours) VALUES (78, 196, 18);
INSERT INTO planned_activity (teaching_activity_id, course_instance_id, planned_hours) VALUES (4, 42, 19);
INSERT INTO allocated_activity (employee_id, planned_activity_id, allocated_hours) VALUES (29, 197, 19);
INSERT INTO planned_activity (teaching_activity_id, course_instance_id, planned_hours) VALUES (7, 42, 54);
INSERT INTO allocated_activity (employee_id, planned_activity_id, allocated_hours) VALUES (80, 198, 54);
INSERT INTO planned_activity (teaching_activity_id, course_instance_id, planned_hours) VALUES (6, 42, 69);
INSERT INTO allocated_activity (employee_id, planned_activity_id, allocated_hours) VALUES (80, 199, 69);
INSERT INTO course_instance (course_layout_id, num_students, study_year) VALUES (9, 41, '2023');
INSERT INTO course_instance_period (course_instance_id, study_period) VALUES (43, 'P4');
INSERT INTO planned_activity (teaching_activity_id, course_instance_id, planned_hours) VALUES (1, 43, 27);
INSERT INTO allocated_activity (employee_id, planned_activity_id, allocated_hours) VALUES (10, 200, 27);
INSERT INTO planned_activity (teaching_activity_id, course_instance_id, planned_hours) VALUES (3, 43, 19);
INSERT INTO allocated_activity (employee_id, planned_activity_id, allocated_hours) VALUES (66, 201, 19);
INSERT INTO planned_activity (teaching_activity_id, course_instance_id, planned_hours) VALUES (5, 43, 16);
INSERT INTO allocated_activity (employee_id, planned_activity_id, allocated_hours) VALUES (8, 202, 16);
INSERT INTO planned_activity (teaching_activity_id, course_instance_id, planned_hours) VALUES (7, 43, 46);
INSERT INTO allocated_activity (employee_id, planned_activity_id, allocated_hours) VALUES (2, 203, 46);
INSERT INTO planned_activity (teaching_activity_id, course_instance_id, planned_hours) VALUES (6, 43, 62);
INSERT INTO allocated_activity (employee_id, planned_activity_id, allocated_hours) VALUES (2, 204, 62);
INSERT INTO course_instance (course_layout_id, num_students, study_year) VALUES (10, 104, '2023');
INSERT INTO course_instance_period (course_instance_id, study_period) VALUES (44, 'P4');
INSERT INTO planned_activity (teaching_activity_id, course_instance_id, planned_hours) VALUES (1, 44, 18);
INSERT INTO allocated_activity (employee_id, planned_activity_id, allocated_hours) VALUES (53, 205, 18);
INSERT INTO planned_activity (teaching_activity_id, course_instance_id, planned_hours) VALUES (3, 44, 13);
INSERT INTO allocated_activity (employee_id, planned_activity_id, allocated_hours) VALUES (40, 206, 13);
INSERT INTO planned_activity (teaching_activity_id, course_instance_id, planned_hours) VALUES (7, 44, 47);
INSERT INTO allocated_activity (employee_id, planned_activity_id, allocated_hours) VALUES (53, 207, 47);
INSERT INTO planned_activity (teaching_activity_id, course_instance_id, planned_hours) VALUES (6, 44, 67);
INSERT INTO allocated_activity (employee_id, planned_activity_id, allocated_hours) VALUES (53, 208, 67);
INSERT INTO course_instance (course_layout_id, num_students, study_year) VALUES (12, 65, '2023');
INSERT INTO course_instance_period (course_instance_id, study_period) VALUES (45, 'P4');
INSERT INTO planned_activity (teaching_activity_id, course_instance_id, planned_hours) VALUES (1, 45, 20);
INSERT INTO allocated_activity (employee_id, planned_activity_id, allocated_hours) VALUES (24, 209, 20);
INSERT INTO planned_activity (teaching_activity_id, course_instance_id, planned_hours) VALUES (3, 45, 19);
INSERT INTO allocated_activity (employee_id, planned_activity_id, allocated_hours) VALUES (71, 210, 19);
INSERT INTO planned_activity (teaching_activity_id, course_instance_id, planned_hours) VALUES (7, 45, 49);
INSERT INTO allocated_activity (employee_id, planned_activity_id, allocated_hours) VALUES (24, 211, 49);
INSERT INTO planned_activity (teaching_activity_id, course_instance_id, planned_hours) VALUES (6, 45, 67);
INSERT INTO allocated_activity (employee_id, planned_activity_id, allocated_hours) VALUES (24, 212, 67);
INSERT INTO course_instance (course_layout_id, num_students, study_year) VALUES (14, 74, '2023');
INSERT INTO course_instance_period (course_instance_id, study_period) VALUES (46, 'P4');
INSERT INTO planned_activity (teaching_activity_id, course_instance_id, planned_hours) VALUES (1, 46, 22);
INSERT INTO allocated_activity (employee_id, planned_activity_id, allocated_hours) VALUES (43, 213, 22);
INSERT INTO planned_activity (teaching_activity_id, course_instance_id, planned_hours) VALUES (2, 46, 35);
INSERT INTO allocated_activity (employee_id, planned_activity_id, allocated_hours) VALUES (92, 214, 35);
INSERT INTO planned_activity (teaching_activity_id, course_instance_id, planned_hours) VALUES (7, 46, 42);
INSERT INTO allocated_activity (employee_id, planned_activity_id, allocated_hours) VALUES (43, 215, 42);
INSERT INTO planned_activity (teaching_activity_id, course_instance_id, planned_hours) VALUES (6, 46, 65);
INSERT INTO allocated_activity (employee_id, planned_activity_id, allocated_hours) VALUES (43, 216, 65);
INSERT INTO course_instance (course_layout_id, num_students, study_year) VALUES (17, 65, '2023');
INSERT INTO course_instance_period (course_instance_id, study_period) VALUES (47, 'P4');
INSERT INTO planned_activity (teaching_activity_id, course_instance_id, planned_hours) VALUES (1, 47, 19);
INSERT INTO allocated_activity (employee_id, planned_activity_id, allocated_hours) VALUES (95, 217, 19);
INSERT INTO planned_activity (teaching_activity_id, course_instance_id, planned_hours) VALUES (3, 47, 16);
INSERT INTO allocated_activity (employee_id, planned_activity_id, allocated_hours) VALUES (8, 218, 16);
INSERT INTO planned_activity (teaching_activity_id, course_instance_id, planned_hours) VALUES (5, 47, 18);
INSERT INTO allocated_activity (employee_id, planned_activity_id, allocated_hours) VALUES (81, 219, 18);
INSERT INTO planned_activity (teaching_activity_id, course_instance_id, planned_hours) VALUES (7, 47, 41);
INSERT INTO allocated_activity (employee_id, planned_activity_id, allocated_hours) VALUES (95, 220, 41);
INSERT INTO planned_activity (teaching_activity_id, course_instance_id, planned_hours) VALUES (6, 47, 65);
INSERT INTO allocated_activity (employee_id, planned_activity_id, allocated_hours) VALUES (95, 221, 65);
INSERT INTO course_instance (course_layout_id, num_students, study_year) VALUES (18, 123, '2023');
INSERT INTO course_instance_period (course_instance_id, study_period) VALUES (48, 'P4');
INSERT INTO planned_activity (teaching_activity_id, course_instance_id, planned_hours) VALUES (1, 48, 20);
INSERT INTO allocated_activity (employee_id, planned_activity_id, allocated_hours) VALUES (70, 222, 20);
INSERT INTO planned_activity (teaching_activity_id, course_instance_id, planned_hours) VALUES (2, 48, 55);
INSERT INTO allocated_activity (employee_id, planned_activity_id, allocated_hours) VALUES (50, 223, 55);
INSERT INTO planned_activity (teaching_activity_id, course_instance_id, planned_hours) VALUES (4, 48, 15);
INSERT INTO allocated_activity (employee_id, planned_activity_id, allocated_hours) VALUES (97, 224, 15);
INSERT INTO planned_activity (teaching_activity_id, course_instance_id, planned_hours) VALUES (5, 48, 20);
INSERT INTO allocated_activity (employee_id, planned_activity_id, allocated_hours) VALUES (24, 225, 20);
INSERT INTO planned_activity (teaching_activity_id, course_instance_id, planned_hours) VALUES (7, 48, 57);
INSERT INTO allocated_activity (employee_id, planned_activity_id, allocated_hours) VALUES (70, 226, 57);
INSERT INTO planned_activity (teaching_activity_id, course_instance_id, planned_hours) VALUES (6, 48, 47);
INSERT INTO allocated_activity (employee_id, planned_activity_id, allocated_hours) VALUES (70, 227, 47);
INSERT INTO course_instance (course_layout_id, num_students, study_year) VALUES (19, 77, '2023');
INSERT INTO course_instance_period (course_instance_id, study_period) VALUES (49, 'P4');
INSERT INTO planned_activity (teaching_activity_id, course_instance_id, planned_hours) VALUES (1, 49, 30);
INSERT INTO allocated_activity (employee_id, planned_activity_id, allocated_hours) VALUES (11, 228, 30);
INSERT INTO planned_activity (teaching_activity_id, course_instance_id, planned_hours) VALUES (2, 49, 41);
INSERT INTO allocated_activity (employee_id, planned_activity_id, allocated_hours) VALUES (69, 229, 41);
INSERT INTO planned_activity (teaching_activity_id, course_instance_id, planned_hours) VALUES (4, 49, 17);
INSERT INTO allocated_activity (employee_id, planned_activity_id, allocated_hours) VALUES (34, 230, 17);
INSERT INTO planned_activity (teaching_activity_id, course_instance_id, planned_hours) VALUES (7, 49, 40);
INSERT INTO allocated_activity (employee_id, planned_activity_id, allocated_hours) VALUES (11, 231, 40);
INSERT INTO planned_activity (teaching_activity_id, course_instance_id, planned_hours) VALUES (6, 49, 70);
INSERT INTO allocated_activity (employee_id, planned_activity_id, allocated_hours) VALUES (11, 232, 70);
INSERT INTO course_instance (course_layout_id, num_students, study_year) VALUES (20, 126, '2023');
INSERT INTO course_instance_period (course_instance_id, study_period) VALUES (50, 'P4');
INSERT INTO planned_activity (teaching_activity_id, course_instance_id, planned_hours) VALUES (1, 50, 29);
INSERT INTO allocated_activity (employee_id, planned_activity_id, allocated_hours) VALUES (41, 233, 29);
INSERT INTO planned_activity (teaching_activity_id, course_instance_id, planned_hours) VALUES (3, 50, 19);
INSERT INTO allocated_activity (employee_id, planned_activity_id, allocated_hours) VALUES (2, 234, 19);
INSERT INTO planned_activity (teaching_activity_id, course_instance_id, planned_hours) VALUES (7, 50, 23);
INSERT INTO allocated_activity (employee_id, planned_activity_id, allocated_hours) VALUES (41, 235, 23);
INSERT INTO planned_activity (teaching_activity_id, course_instance_id, planned_hours) VALUES (6, 50, 76);
INSERT INTO allocated_activity (employee_id, planned_activity_id, allocated_hours) VALUES (41, 236, 76);
INSERT INTO course_instance (course_layout_id, num_students, study_year) VALUES (2, 142, '2024');
INSERT INTO course_instance_period (course_instance_id, study_period) VALUES (51, 'P1');
INSERT INTO planned_activity (teaching_activity_id, course_instance_id, planned_hours) VALUES (1, 51, 24);
INSERT INTO allocated_activity (employee_id, planned_activity_id, allocated_hours) VALUES (41, 237, 24);
INSERT INTO planned_activity (teaching_activity_id, course_instance_id, planned_hours) VALUES (2, 51, 60);
INSERT INTO allocated_activity (employee_id, planned_activity_id, allocated_hours) VALUES (59, 238, 60);
INSERT INTO planned_activity (teaching_activity_id, course_instance_id, planned_hours) VALUES (7, 51, 34);
INSERT INTO allocated_activity (employee_id, planned_activity_id, allocated_hours) VALUES (41, 239, 34);
INSERT INTO planned_activity (teaching_activity_id, course_instance_id, planned_hours) VALUES (6, 51, 38);
INSERT INTO allocated_activity (employee_id, planned_activity_id, allocated_hours) VALUES (40, 240, 38);
INSERT INTO course_instance (course_layout_id, num_students, study_year) VALUES (3, 114, '2024');
INSERT INTO course_instance_period (course_instance_id, study_period) VALUES (52, 'P1');
INSERT INTO planned_activity (teaching_activity_id, course_instance_id, planned_hours) VALUES (1, 52, 19);
INSERT INTO allocated_activity (employee_id, planned_activity_id, allocated_hours) VALUES (90, 241, 19);
INSERT INTO planned_activity (teaching_activity_id, course_instance_id, planned_hours) VALUES (3, 52, 20);
INSERT INTO allocated_activity (employee_id, planned_activity_id, allocated_hours) VALUES (54, 242, 20);
INSERT INTO planned_activity (teaching_activity_id, course_instance_id, planned_hours) VALUES (7, 52, 47);
INSERT INTO allocated_activity (employee_id, planned_activity_id, allocated_hours) VALUES (90, 243, 47);
INSERT INTO planned_activity (teaching_activity_id, course_instance_id, planned_hours) VALUES (6, 52, 55);
INSERT INTO allocated_activity (employee_id, planned_activity_id, allocated_hours) VALUES (70, 244, 55);
INSERT INTO course_instance (course_layout_id, num_students, study_year) VALUES (5, 149, '2024');
INSERT INTO course_instance_period (course_instance_id, study_period) VALUES (53, 'P1');
INSERT INTO planned_activity (teaching_activity_id, course_instance_id, planned_hours) VALUES (1, 53, 27);
INSERT INTO allocated_activity (employee_id, planned_activity_id, allocated_hours) VALUES (31, 245, 27);
INSERT INTO planned_activity (teaching_activity_id, course_instance_id, planned_hours) VALUES (3, 53, 13);
INSERT INTO allocated_activity (employee_id, planned_activity_id, allocated_hours) VALUES (15, 246, 13);
INSERT INTO planned_activity (teaching_activity_id, course_instance_id, planned_hours) VALUES (4, 53, 11);
INSERT INTO allocated_activity (employee_id, planned_activity_id, allocated_hours) VALUES (75, 247, 11);
INSERT INTO planned_activity (teaching_activity_id, course_instance_id, planned_hours) VALUES (7, 53, 29);
INSERT INTO allocated_activity (employee_id, planned_activity_id, allocated_hours) VALUES (31, 248, 29);
INSERT INTO planned_activity (teaching_activity_id, course_instance_id, planned_hours) VALUES (6, 53, 58);
INSERT INTO allocated_activity (employee_id, planned_activity_id, allocated_hours) VALUES (31, 249, 58);
INSERT INTO course_instance (course_layout_id, num_students, study_year) VALUES (8, 177, '2024');
INSERT INTO course_instance_period (course_instance_id, study_period) VALUES (54, 'P1');
INSERT INTO planned_activity (teaching_activity_id, course_instance_id, planned_hours) VALUES (1, 54, 10);
INSERT INTO allocated_activity (employee_id, planned_activity_id, allocated_hours) VALUES (22, 250, 10);
INSERT INTO planned_activity (teaching_activity_id, course_instance_id, planned_hours) VALUES (3, 54, 12);
INSERT INTO allocated_activity (employee_id, planned_activity_id, allocated_hours) VALUES (36, 251, 12);
INSERT INTO planned_activity (teaching_activity_id, course_instance_id, planned_hours) VALUES (4, 54, 20);
INSERT INTO allocated_activity (employee_id, planned_activity_id, allocated_hours) VALUES (3, 252, 20);
INSERT INTO planned_activity (teaching_activity_id, course_instance_id, planned_hours) VALUES (5, 54, 14);
INSERT INTO allocated_activity (employee_id, planned_activity_id, allocated_hours) VALUES (100, 253, 14);
INSERT INTO planned_activity (teaching_activity_id, course_instance_id, planned_hours) VALUES (7, 54, 20);
INSERT INTO allocated_activity (employee_id, planned_activity_id, allocated_hours) VALUES (22, 254, 20);
INSERT INTO planned_activity (teaching_activity_id, course_instance_id, planned_hours) VALUES (6, 54, 36);
INSERT INTO allocated_activity (employee_id, planned_activity_id, allocated_hours) VALUES (22, 255, 36);
INSERT INTO course_instance (course_layout_id, num_students, study_year) VALUES (9, 81, '2024');
INSERT INTO course_instance_period (course_instance_id, study_period) VALUES (55, 'P1');
INSERT INTO planned_activity (teaching_activity_id, course_instance_id, planned_hours) VALUES (1, 55, 13);
INSERT INTO allocated_activity (employee_id, planned_activity_id, allocated_hours) VALUES (31, 256, 13);
INSERT INTO planned_activity (teaching_activity_id, course_instance_id, planned_hours) VALUES (2, 55, 29);
INSERT INTO allocated_activity (employee_id, planned_activity_id, allocated_hours) VALUES (44, 257, 29);
INSERT INTO planned_activity (teaching_activity_id, course_instance_id, planned_hours) VALUES (4, 55, 19);
INSERT INTO allocated_activity (employee_id, planned_activity_id, allocated_hours) VALUES (27, 258, 19);
INSERT INTO planned_activity (teaching_activity_id, course_instance_id, planned_hours) VALUES (5, 55, 19);
INSERT INTO allocated_activity (employee_id, planned_activity_id, allocated_hours) VALUES (39, 259, 19);
INSERT INTO planned_activity (teaching_activity_id, course_instance_id, planned_hours) VALUES (7, 55, 37);
INSERT INTO allocated_activity (employee_id, planned_activity_id, allocated_hours) VALUES (64, 260, 37);
INSERT INTO planned_activity (teaching_activity_id, course_instance_id, planned_hours) VALUES (6, 55, 45);
INSERT INTO allocated_activity (employee_id, planned_activity_id, allocated_hours) VALUES (17, 261, 45);
INSERT INTO course_instance (course_layout_id, num_students, study_year) VALUES (12, 162, '2024');
INSERT INTO course_instance_period (course_instance_id, study_period) VALUES (56, 'P1');
INSERT INTO planned_activity (teaching_activity_id, course_instance_id, planned_hours) VALUES (1, 56, 23);
INSERT INTO allocated_activity (employee_id, planned_activity_id, allocated_hours) VALUES (84, 262, 23);
INSERT INTO planned_activity (teaching_activity_id, course_instance_id, planned_hours) VALUES (3, 56, 14);
INSERT INTO allocated_activity (employee_id, planned_activity_id, allocated_hours) VALUES (85, 263, 14);
INSERT INTO planned_activity (teaching_activity_id, course_instance_id, planned_hours) VALUES (7, 56, 31);
INSERT INTO allocated_activity (employee_id, planned_activity_id, allocated_hours) VALUES (84, 264, 31);
INSERT INTO planned_activity (teaching_activity_id, course_instance_id, planned_hours) VALUES (6, 56, 52);
INSERT INTO allocated_activity (employee_id, planned_activity_id, allocated_hours) VALUES (84, 265, 52);
INSERT INTO course_instance (course_layout_id, num_students, study_year) VALUES (14, 33, '2024');
INSERT INTO course_instance_period (course_instance_id, study_period) VALUES (57, 'P1');
INSERT INTO planned_activity (teaching_activity_id, course_instance_id, planned_hours) VALUES (1, 57, 17);
INSERT INTO allocated_activity (employee_id, planned_activity_id, allocated_hours) VALUES (63, 266, 17);
INSERT INTO planned_activity (teaching_activity_id, course_instance_id, planned_hours) VALUES (3, 57, 11);
INSERT INTO allocated_activity (employee_id, planned_activity_id, allocated_hours) VALUES (55, 267, 11);
INSERT INTO planned_activity (teaching_activity_id, course_instance_id, planned_hours) VALUES (4, 57, 12);
INSERT INTO allocated_activity (employee_id, planned_activity_id, allocated_hours) VALUES (66, 268, 12);
INSERT INTO planned_activity (teaching_activity_id, course_instance_id, planned_hours) VALUES (7, 57, 23);
INSERT INTO allocated_activity (employee_id, planned_activity_id, allocated_hours) VALUES (56, 269, 23);
INSERT INTO planned_activity (teaching_activity_id, course_instance_id, planned_hours) VALUES (6, 57, 43);
INSERT INTO allocated_activity (employee_id, planned_activity_id, allocated_hours) VALUES (97, 270, 43);
INSERT INTO course_instance (course_layout_id, num_students, study_year) VALUES (15, 47, '2024');
INSERT INTO course_instance_period (course_instance_id, study_period) VALUES (58, 'P1');
INSERT INTO planned_activity (teaching_activity_id, course_instance_id, planned_hours) VALUES (1, 58, 20);
INSERT INTO allocated_activity (employee_id, planned_activity_id, allocated_hours) VALUES (67, 271, 20);
INSERT INTO planned_activity (teaching_activity_id, course_instance_id, planned_hours) VALUES (3, 58, 11);
INSERT INTO allocated_activity (employee_id, planned_activity_id, allocated_hours) VALUES (71, 272, 11);
INSERT INTO planned_activity (teaching_activity_id, course_instance_id, planned_hours) VALUES (4, 58, 18);
INSERT INTO allocated_activity (employee_id, planned_activity_id, allocated_hours) VALUES (96, 273, 18);
INSERT INTO planned_activity (teaching_activity_id, course_instance_id, planned_hours) VALUES (7, 58, 34);
INSERT INTO allocated_activity (employee_id, planned_activity_id, allocated_hours) VALUES (67, 274, 34);
INSERT INTO planned_activity (teaching_activity_id, course_instance_id, planned_hours) VALUES (6, 58, 74);
INSERT INTO allocated_activity (employee_id, planned_activity_id, allocated_hours) VALUES (67, 275, 74);
INSERT INTO course_instance (course_layout_id, num_students, study_year) VALUES (16, 44, '2024');
INSERT INTO course_instance_period (course_instance_id, study_period) VALUES (59, 'P1');
INSERT INTO planned_activity (teaching_activity_id, course_instance_id, planned_hours) VALUES (1, 59, 19);
INSERT INTO allocated_activity (employee_id, planned_activity_id, allocated_hours) VALUES (71, 276, 19);
INSERT INTO planned_activity (teaching_activity_id, course_instance_id, planned_hours) VALUES (2, 59, 47);
INSERT INTO allocated_activity (employee_id, planned_activity_id, allocated_hours) VALUES (90, 277, 47);
INSERT INTO planned_activity (teaching_activity_id, course_instance_id, planned_hours) VALUES (4, 59, 17);
INSERT INTO allocated_activity (employee_id, planned_activity_id, allocated_hours) VALUES (75, 278, 17);
INSERT INTO planned_activity (teaching_activity_id, course_instance_id, planned_hours) VALUES (7, 59, 42);
INSERT INTO allocated_activity (employee_id, planned_activity_id, allocated_hours) VALUES (71, 279, 42);
INSERT INTO planned_activity (teaching_activity_id, course_instance_id, planned_hours) VALUES (6, 59, 31);
INSERT INTO allocated_activity (employee_id, planned_activity_id, allocated_hours) VALUES (71, 280, 31);
INSERT INTO course_instance (course_layout_id, num_students, study_year) VALUES (17, 37, '2024');
INSERT INTO course_instance_period (course_instance_id, study_period) VALUES (60, 'P1');
INSERT INTO planned_activity (teaching_activity_id, course_instance_id, planned_hours) VALUES (1, 60, 15);
INSERT INTO allocated_activity (employee_id, planned_activity_id, allocated_hours) VALUES (54, 281, 15);
INSERT INTO planned_activity (teaching_activity_id, course_instance_id, planned_hours) VALUES (2, 60, 50);
INSERT INTO allocated_activity (employee_id, planned_activity_id, allocated_hours) VALUES (65, 282, 50);
INSERT INTO planned_activity (teaching_activity_id, course_instance_id, planned_hours) VALUES (4, 60, 11);
INSERT INTO allocated_activity (employee_id, planned_activity_id, allocated_hours) VALUES (94, 283, 11);
INSERT INTO planned_activity (teaching_activity_id, course_instance_id, planned_hours) VALUES (7, 60, 42);
INSERT INTO allocated_activity (employee_id, planned_activity_id, allocated_hours) VALUES (54, 284, 42);
INSERT INTO planned_activity (teaching_activity_id, course_instance_id, planned_hours) VALUES (6, 60, 69);
INSERT INTO allocated_activity (employee_id, planned_activity_id, allocated_hours) VALUES (54, 285, 69);
INSERT INTO course_instance (course_layout_id, num_students, study_year) VALUES (18, 136, '2024');
INSERT INTO course_instance_period (course_instance_id, study_period) VALUES (61, 'P1');
INSERT INTO planned_activity (teaching_activity_id, course_instance_id, planned_hours) VALUES (1, 61, 22);
INSERT INTO allocated_activity (employee_id, planned_activity_id, allocated_hours) VALUES (72, 286, 22);
INSERT INTO planned_activity (teaching_activity_id, course_instance_id, planned_hours) VALUES (3, 61, 19);
INSERT INTO allocated_activity (employee_id, planned_activity_id, allocated_hours) VALUES (85, 287, 19);
INSERT INTO planned_activity (teaching_activity_id, course_instance_id, planned_hours) VALUES (7, 61, 53);
INSERT INTO allocated_activity (employee_id, planned_activity_id, allocated_hours) VALUES (72, 288, 53);
INSERT INTO planned_activity (teaching_activity_id, course_instance_id, planned_hours) VALUES (6, 61, 61);
INSERT INTO allocated_activity (employee_id, planned_activity_id, allocated_hours) VALUES (72, 289, 61);
INSERT INTO course_instance (course_layout_id, num_students, study_year) VALUES (19, 127, '2024');
INSERT INTO course_instance_period (course_instance_id, study_period) VALUES (62, 'P1');
INSERT INTO planned_activity (teaching_activity_id, course_instance_id, planned_hours) VALUES (1, 62, 23);
INSERT INTO allocated_activity (employee_id, planned_activity_id, allocated_hours) VALUES (43, 290, 23);
INSERT INTO planned_activity (teaching_activity_id, course_instance_id, planned_hours) VALUES (3, 62, 17);
INSERT INTO allocated_activity (employee_id, planned_activity_id, allocated_hours) VALUES (57, 291, 17);
INSERT INTO planned_activity (teaching_activity_id, course_instance_id, planned_hours) VALUES (4, 62, 13);
INSERT INTO allocated_activity (employee_id, planned_activity_id, allocated_hours) VALUES (86, 292, 13);
INSERT INTO planned_activity (teaching_activity_id, course_instance_id, planned_hours) VALUES (7, 62, 31);
INSERT INTO allocated_activity (employee_id, planned_activity_id, allocated_hours) VALUES (62, 293, 31);
INSERT INTO planned_activity (teaching_activity_id, course_instance_id, planned_hours) VALUES (6, 62, 36);
INSERT INTO allocated_activity (employee_id, planned_activity_id, allocated_hours) VALUES (62, 294, 36);
INSERT INTO course_instance (course_layout_id, num_students, study_year) VALUES (20, 88, '2024');
INSERT INTO course_instance_period (course_instance_id, study_period) VALUES (63, 'P1');
INSERT INTO planned_activity (teaching_activity_id, course_instance_id, planned_hours) VALUES (1, 63, 11);
INSERT INTO allocated_activity (employee_id, planned_activity_id, allocated_hours) VALUES (96, 295, 11);
INSERT INTO planned_activity (teaching_activity_id, course_instance_id, planned_hours) VALUES (2, 63, 21);
INSERT INTO allocated_activity (employee_id, planned_activity_id, allocated_hours) VALUES (29, 296, 21);
INSERT INTO planned_activity (teaching_activity_id, course_instance_id, planned_hours) VALUES (7, 63, 40);
INSERT INTO allocated_activity (employee_id, planned_activity_id, allocated_hours) VALUES (96, 297, 40);
INSERT INTO planned_activity (teaching_activity_id, course_instance_id, planned_hours) VALUES (6, 63, 40);
INSERT INTO allocated_activity (employee_id, planned_activity_id, allocated_hours) VALUES (96, 298, 40);
INSERT INTO course_instance (course_layout_id, num_students, study_year) VALUES (22, 47, '2024');
INSERT INTO course_instance_period (course_instance_id, study_period) VALUES (64, 'P1');
INSERT INTO planned_activity (teaching_activity_id, course_instance_id, planned_hours) VALUES (1, 64, 12);
INSERT INTO allocated_activity (employee_id, planned_activity_id, allocated_hours) VALUES (67, 299, 12);
INSERT INTO planned_activity (teaching_activity_id, course_instance_id, planned_hours) VALUES (3, 64, 17);
INSERT INTO allocated_activity (employee_id, planned_activity_id, allocated_hours) VALUES (75, 300, 17);
INSERT INTO planned_activity (teaching_activity_id, course_instance_id, planned_hours) VALUES (7, 64, 36);
INSERT INTO allocated_activity (employee_id, planned_activity_id, allocated_hours) VALUES (67, 301, 36);
INSERT INTO planned_activity (teaching_activity_id, course_instance_id, planned_hours) VALUES (6, 64, 34);
INSERT INTO allocated_activity (employee_id, planned_activity_id, allocated_hours) VALUES (98, 302, 34);
INSERT INTO course_instance (course_layout_id, num_students, study_year) VALUES (23, 35, '2024');
INSERT INTO course_instance_period (course_instance_id, study_period) VALUES (65, 'P1');
INSERT INTO planned_activity (teaching_activity_id, course_instance_id, planned_hours) VALUES (1, 65, 16);
INSERT INTO allocated_activity (employee_id, planned_activity_id, allocated_hours) VALUES (92, 303, 16);
INSERT INTO planned_activity (teaching_activity_id, course_instance_id, planned_hours) VALUES (2, 65, 31);
INSERT INTO allocated_activity (employee_id, planned_activity_id, allocated_hours) VALUES (28, 304, 31);
INSERT INTO planned_activity (teaching_activity_id, course_instance_id, planned_hours) VALUES (4, 65, 17);
INSERT INTO allocated_activity (employee_id, planned_activity_id, allocated_hours) VALUES (96, 305, 17);
INSERT INTO planned_activity (teaching_activity_id, course_instance_id, planned_hours) VALUES (5, 65, 10);
INSERT INTO allocated_activity (employee_id, planned_activity_id, allocated_hours) VALUES (52, 306, 10);
INSERT INTO planned_activity (teaching_activity_id, course_instance_id, planned_hours) VALUES (7, 65, 31);
INSERT INTO allocated_activity (employee_id, planned_activity_id, allocated_hours) VALUES (92, 307, 31);
INSERT INTO planned_activity (teaching_activity_id, course_instance_id, planned_hours) VALUES (6, 65, 56);
INSERT INTO allocated_activity (employee_id, planned_activity_id, allocated_hours) VALUES (92, 308, 56);
INSERT INTO course_instance (course_layout_id, num_students, study_year) VALUES (24, 33, '2024');
INSERT INTO course_instance_period (course_instance_id, study_period) VALUES (66, 'P1');
INSERT INTO planned_activity (teaching_activity_id, course_instance_id, planned_hours) VALUES (1, 66, 28);
INSERT INTO allocated_activity (employee_id, planned_activity_id, allocated_hours) VALUES (92, 309, 28);
INSERT INTO planned_activity (teaching_activity_id, course_instance_id, planned_hours) VALUES (3, 66, 10);
INSERT INTO allocated_activity (employee_id, planned_activity_id, allocated_hours) VALUES (13, 310, 10);
INSERT INTO planned_activity (teaching_activity_id, course_instance_id, planned_hours) VALUES (4, 66, 10);
INSERT INTO allocated_activity (employee_id, planned_activity_id, allocated_hours) VALUES (84, 311, 10);
INSERT INTO planned_activity (teaching_activity_id, course_instance_id, planned_hours) VALUES (7, 66, 29);
INSERT INTO allocated_activity (employee_id, planned_activity_id, allocated_hours) VALUES (92, 312, 29);
INSERT INTO planned_activity (teaching_activity_id, course_instance_id, planned_hours) VALUES (6, 66, 70);
INSERT INTO allocated_activity (employee_id, planned_activity_id, allocated_hours) VALUES (92, 313, 70);
INSERT INTO course_instance (course_layout_id, num_students, study_year) VALUES (1, 100, '2024');
INSERT INTO course_instance_period (course_instance_id, study_period) VALUES (67, 'P2');
INSERT INTO planned_activity (teaching_activity_id, course_instance_id, planned_hours) VALUES (1, 67, 23);
INSERT INTO allocated_activity (employee_id, planned_activity_id, allocated_hours) VALUES (59, 314, 23);
INSERT INTO planned_activity (teaching_activity_id, course_instance_id, planned_hours) VALUES (3, 67, 14);
INSERT INTO allocated_activity (employee_id, planned_activity_id, allocated_hours) VALUES (16, 315, 14);
INSERT INTO planned_activity (teaching_activity_id, course_instance_id, planned_hours) VALUES (4, 67, 11);
INSERT INTO allocated_activity (employee_id, planned_activity_id, allocated_hours) VALUES (27, 316, 11);
INSERT INTO planned_activity (teaching_activity_id, course_instance_id, planned_hours) VALUES (7, 67, 36);
INSERT INTO allocated_activity (employee_id, planned_activity_id, allocated_hours) VALUES (59, 317, 36);
INSERT INTO planned_activity (teaching_activity_id, course_instance_id, planned_hours) VALUES (6, 67, 54);
INSERT INTO allocated_activity (employee_id, planned_activity_id, allocated_hours) VALUES (59, 318, 54);
INSERT INTO course_instance (course_layout_id, num_students, study_year) VALUES (2, 131, '2024');
INSERT INTO course_instance_period (course_instance_id, study_period) VALUES (68, 'P2');
INSERT INTO planned_activity (teaching_activity_id, course_instance_id, planned_hours) VALUES (1, 68, 17);
INSERT INTO allocated_activity (employee_id, planned_activity_id, allocated_hours) VALUES (23, 319, 17);
INSERT INTO planned_activity (teaching_activity_id, course_instance_id, planned_hours) VALUES (3, 68, 13);
INSERT INTO allocated_activity (employee_id, planned_activity_id, allocated_hours) VALUES (74, 320, 13);
INSERT INTO planned_activity (teaching_activity_id, course_instance_id, planned_hours) VALUES (4, 68, 11);
INSERT INTO allocated_activity (employee_id, planned_activity_id, allocated_hours) VALUES (30, 321, 11);
INSERT INTO planned_activity (teaching_activity_id, course_instance_id, planned_hours) VALUES (7, 68, 45);
INSERT INTO allocated_activity (employee_id, planned_activity_id, allocated_hours) VALUES (23, 322, 45);
INSERT INTO planned_activity (teaching_activity_id, course_instance_id, planned_hours) VALUES (6, 68, 48);
INSERT INTO allocated_activity (employee_id, planned_activity_id, allocated_hours) VALUES (23, 323, 48);
INSERT INTO course_instance (course_layout_id, num_students, study_year) VALUES (3, 161, '2024');
INSERT INTO course_instance_period (course_instance_id, study_period) VALUES (69, 'P2');
INSERT INTO planned_activity (teaching_activity_id, course_instance_id, planned_hours) VALUES (1, 69, 25);
INSERT INTO allocated_activity (employee_id, planned_activity_id, allocated_hours) VALUES (87, 324, 25);
INSERT INTO planned_activity (teaching_activity_id, course_instance_id, planned_hours) VALUES (3, 69, 13);
INSERT INTO allocated_activity (employee_id, planned_activity_id, allocated_hours) VALUES (19, 325, 13);
INSERT INTO planned_activity (teaching_activity_id, course_instance_id, planned_hours) VALUES (4, 69, 16);
INSERT INTO allocated_activity (employee_id, planned_activity_id, allocated_hours) VALUES (63, 326, 16);
INSERT INTO planned_activity (teaching_activity_id, course_instance_id, planned_hours) VALUES (7, 69, 22);
INSERT INTO allocated_activity (employee_id, planned_activity_id, allocated_hours) VALUES (87, 327, 22);
INSERT INTO planned_activity (teaching_activity_id, course_instance_id, planned_hours) VALUES (6, 69, 36);
INSERT INTO allocated_activity (employee_id, planned_activity_id, allocated_hours) VALUES (87, 328, 36);
INSERT INTO course_instance (course_layout_id, num_students, study_year) VALUES (4, 71, '2024');
INSERT INTO course_instance_period (course_instance_id, study_period) VALUES (70, 'P2');
INSERT INTO planned_activity (teaching_activity_id, course_instance_id, planned_hours) VALUES (1, 70, 28);
INSERT INTO allocated_activity (employee_id, planned_activity_id, allocated_hours) VALUES (9, 329, 28);
INSERT INTO planned_activity (teaching_activity_id, course_instance_id, planned_hours) VALUES (3, 70, 14);
INSERT INTO allocated_activity (employee_id, planned_activity_id, allocated_hours) VALUES (66, 330, 14);
INSERT INTO planned_activity (teaching_activity_id, course_instance_id, planned_hours) VALUES (5, 70, 15);
INSERT INTO allocated_activity (employee_id, planned_activity_id, allocated_hours) VALUES (7, 331, 15);
INSERT INTO planned_activity (teaching_activity_id, course_instance_id, planned_hours) VALUES (7, 70, 20);
INSERT INTO allocated_activity (employee_id, planned_activity_id, allocated_hours) VALUES (9, 332, 20);
INSERT INTO planned_activity (teaching_activity_id, course_instance_id, planned_hours) VALUES (6, 70, 49);
INSERT INTO allocated_activity (employee_id, planned_activity_id, allocated_hours) VALUES (9, 333, 49);
INSERT INTO course_instance (course_layout_id, num_students, study_year) VALUES (5, 86, '2024');
INSERT INTO course_instance_period (course_instance_id, study_period) VALUES (71, 'P2');
INSERT INTO planned_activity (teaching_activity_id, course_instance_id, planned_hours) VALUES (1, 71, 16);
INSERT INTO allocated_activity (employee_id, planned_activity_id, allocated_hours) VALUES (39, 334, 16);
INSERT INTO planned_activity (teaching_activity_id, course_instance_id, planned_hours) VALUES (3, 71, 14);
INSERT INTO allocated_activity (employee_id, planned_activity_id, allocated_hours) VALUES (19, 335, 14);
INSERT INTO planned_activity (teaching_activity_id, course_instance_id, planned_hours) VALUES (5, 71, 19);
INSERT INTO allocated_activity (employee_id, planned_activity_id, allocated_hours) VALUES (55, 336, 19);
INSERT INTO planned_activity (teaching_activity_id, course_instance_id, planned_hours) VALUES (7, 71, 37);
INSERT INTO allocated_activity (employee_id, planned_activity_id, allocated_hours) VALUES (39, 337, 37);
INSERT INTO planned_activity (teaching_activity_id, course_instance_id, planned_hours) VALUES (6, 71, 37);
INSERT INTO allocated_activity (employee_id, planned_activity_id, allocated_hours) VALUES (39, 338, 37);
INSERT INTO course_instance (course_layout_id, num_students, study_year) VALUES (6, 30, '2024');
INSERT INTO course_instance_period (course_instance_id, study_period) VALUES (72, 'P2');
INSERT INTO planned_activity (teaching_activity_id, course_instance_id, planned_hours) VALUES (1, 72, 21);
INSERT INTO allocated_activity (employee_id, planned_activity_id, allocated_hours) VALUES (8, 339, 21);
INSERT INTO planned_activity (teaching_activity_id, course_instance_id, planned_hours) VALUES (3, 72, 14);
INSERT INTO allocated_activity (employee_id, planned_activity_id, allocated_hours) VALUES (35, 340, 14);
INSERT INTO planned_activity (teaching_activity_id, course_instance_id, planned_hours) VALUES (7, 72, 43);
INSERT INTO allocated_activity (employee_id, planned_activity_id, allocated_hours) VALUES (8, 341, 43);
INSERT INTO planned_activity (teaching_activity_id, course_instance_id, planned_hours) VALUES (6, 72, 46);
INSERT INTO allocated_activity (employee_id, planned_activity_id, allocated_hours) VALUES (8, 342, 46);
INSERT INTO course_instance (course_layout_id, num_students, study_year) VALUES (7, 52, '2024');
INSERT INTO course_instance_period (course_instance_id, study_period) VALUES (73, 'P2');
INSERT INTO planned_activity (teaching_activity_id, course_instance_id, planned_hours) VALUES (1, 73, 30);
INSERT INTO allocated_activity (employee_id, planned_activity_id, allocated_hours) VALUES (45, 343, 30);
INSERT INTO planned_activity (teaching_activity_id, course_instance_id, planned_hours) VALUES (2, 73, 32);
INSERT INTO allocated_activity (employee_id, planned_activity_id, allocated_hours) VALUES (53, 344, 32);
INSERT INTO planned_activity (teaching_activity_id, course_instance_id, planned_hours) VALUES (7, 73, 29);
INSERT INTO allocated_activity (employee_id, planned_activity_id, allocated_hours) VALUES (45, 345, 29);
INSERT INTO planned_activity (teaching_activity_id, course_instance_id, planned_hours) VALUES (6, 73, 63);
INSERT INTO allocated_activity (employee_id, planned_activity_id, allocated_hours) VALUES (45, 346, 63);
INSERT INTO course_instance (course_layout_id, num_students, study_year) VALUES (8, 89, '2024');
INSERT INTO course_instance_period (course_instance_id, study_period) VALUES (74, 'P2');
INSERT INTO planned_activity (teaching_activity_id, course_instance_id, planned_hours) VALUES (1, 74, 14);
INSERT INTO allocated_activity (employee_id, planned_activity_id, allocated_hours) VALUES (71, 347, 14);
INSERT INTO planned_activity (teaching_activity_id, course_instance_id, planned_hours) VALUES (2, 74, 51);
INSERT INTO allocated_activity (employee_id, planned_activity_id, allocated_hours) VALUES (54, 348, 51);
INSERT INTO planned_activity (teaching_activity_id, course_instance_id, planned_hours) VALUES (7, 74, 40);
INSERT INTO allocated_activity (employee_id, planned_activity_id, allocated_hours) VALUES (71, 349, 40);
INSERT INTO planned_activity (teaching_activity_id, course_instance_id, planned_hours) VALUES (6, 74, 42);
INSERT INTO allocated_activity (employee_id, planned_activity_id, allocated_hours) VALUES (71, 350, 42);
INSERT INTO course_instance (course_layout_id, num_students, study_year) VALUES (10, 114, '2024');
INSERT INTO course_instance_period (course_instance_id, study_period) VALUES (75, 'P2');
INSERT INTO planned_activity (teaching_activity_id, course_instance_id, planned_hours) VALUES (1, 75, 12);
INSERT INTO allocated_activity (employee_id, planned_activity_id, allocated_hours) VALUES (21, 351, 12);
INSERT INTO planned_activity (teaching_activity_id, course_instance_id, planned_hours) VALUES (3, 75, 16);
INSERT INTO allocated_activity (employee_id, planned_activity_id, allocated_hours) VALUES (20, 352, 16);
INSERT INTO planned_activity (teaching_activity_id, course_instance_id, planned_hours) VALUES (4, 75, 10);
INSERT INTO allocated_activity (employee_id, planned_activity_id, allocated_hours) VALUES (85, 353, 10);
INSERT INTO planned_activity (teaching_activity_id, course_instance_id, planned_hours) VALUES (7, 75, 58);
INSERT INTO allocated_activity (employee_id, planned_activity_id, allocated_hours) VALUES (44, 354, 58);
INSERT INTO planned_activity (teaching_activity_id, course_instance_id, planned_hours) VALUES (6, 75, 36);
INSERT INTO allocated_activity (employee_id, planned_activity_id, allocated_hours) VALUES (44, 355, 36);
INSERT INTO course_instance (course_layout_id, num_students, study_year) VALUES (12, 139, '2024');
INSERT INTO course_instance_period (course_instance_id, study_period) VALUES (76, 'P2');
INSERT INTO planned_activity (teaching_activity_id, course_instance_id, planned_hours) VALUES (1, 76, 25);
INSERT INTO allocated_activity (employee_id, planned_activity_id, allocated_hours) VALUES (79, 356, 25);
INSERT INTO planned_activity (teaching_activity_id, course_instance_id, planned_hours) VALUES (2, 76, 39);
INSERT INTO allocated_activity (employee_id, planned_activity_id, allocated_hours) VALUES (65, 357, 39);
INSERT INTO planned_activity (teaching_activity_id, course_instance_id, planned_hours) VALUES (7, 76, 36);
INSERT INTO allocated_activity (employee_id, planned_activity_id, allocated_hours) VALUES (15, 358, 36);
INSERT INTO planned_activity (teaching_activity_id, course_instance_id, planned_hours) VALUES (6, 76, 55);
INSERT INTO allocated_activity (employee_id, planned_activity_id, allocated_hours) VALUES (79, 359, 55);
INSERT INTO course_instance (course_layout_id, num_students, study_year) VALUES (13, 34, '2024');
INSERT INTO course_instance_period (course_instance_id, study_period) VALUES (77, 'P2');
INSERT INTO planned_activity (teaching_activity_id, course_instance_id, planned_hours) VALUES (1, 77, 30);
INSERT INTO allocated_activity (employee_id, planned_activity_id, allocated_hours) VALUES (93, 360, 30);
INSERT INTO planned_activity (teaching_activity_id, course_instance_id, planned_hours) VALUES (3, 77, 12);
INSERT INTO allocated_activity (employee_id, planned_activity_id, allocated_hours) VALUES (35, 361, 12);
INSERT INTO planned_activity (teaching_activity_id, course_instance_id, planned_hours) VALUES (4, 77, 11);
INSERT INTO allocated_activity (employee_id, planned_activity_id, allocated_hours) VALUES (69, 362, 11);
INSERT INTO planned_activity (teaching_activity_id, course_instance_id, planned_hours) VALUES (5, 77, 12);
INSERT INTO allocated_activity (employee_id, planned_activity_id, allocated_hours) VALUES (70, 363, 12);
INSERT INTO planned_activity (teaching_activity_id, course_instance_id, planned_hours) VALUES (7, 77, 49);
INSERT INTO allocated_activity (employee_id, planned_activity_id, allocated_hours) VALUES (93, 364, 49);
INSERT INTO planned_activity (teaching_activity_id, course_instance_id, planned_hours) VALUES (6, 77, 32);
INSERT INTO allocated_activity (employee_id, planned_activity_id, allocated_hours) VALUES (93, 365, 32);
INSERT INTO course_instance (course_layout_id, num_students, study_year) VALUES (15, 130, '2024');
INSERT INTO course_instance_period (course_instance_id, study_period) VALUES (78, 'P2');
INSERT INTO planned_activity (teaching_activity_id, course_instance_id, planned_hours) VALUES (1, 78, 21);
INSERT INTO allocated_activity (employee_id, planned_activity_id, allocated_hours) VALUES (93, 366, 21);
INSERT INTO planned_activity (teaching_activity_id, course_instance_id, planned_hours) VALUES (3, 78, 14);
INSERT INTO allocated_activity (employee_id, planned_activity_id, allocated_hours) VALUES (2, 367, 14);
INSERT INTO planned_activity (teaching_activity_id, course_instance_id, planned_hours) VALUES (7, 78, 37);
INSERT INTO allocated_activity (employee_id, planned_activity_id, allocated_hours) VALUES (40, 368, 37);
INSERT INTO planned_activity (teaching_activity_id, course_instance_id, planned_hours) VALUES (6, 78, 62);
INSERT INTO allocated_activity (employee_id, planned_activity_id, allocated_hours) VALUES (93, 369, 62);
INSERT INTO course_instance (course_layout_id, num_students, study_year) VALUES (16, 63, '2024');
INSERT INTO course_instance_period (course_instance_id, study_period) VALUES (79, 'P2');
INSERT INTO planned_activity (teaching_activity_id, course_instance_id, planned_hours) VALUES (1, 79, 16);
INSERT INTO allocated_activity (employee_id, planned_activity_id, allocated_hours) VALUES (23, 370, 16);
INSERT INTO planned_activity (teaching_activity_id, course_instance_id, planned_hours) VALUES (3, 79, 19);
INSERT INTO allocated_activity (employee_id, planned_activity_id, allocated_hours) VALUES (40, 371, 19);
INSERT INTO planned_activity (teaching_activity_id, course_instance_id, planned_hours) VALUES (4, 79, 10);
INSERT INTO allocated_activity (employee_id, planned_activity_id, allocated_hours) VALUES (76, 372, 10);
INSERT INTO planned_activity (teaching_activity_id, course_instance_id, planned_hours) VALUES (5, 79, 17);
INSERT INTO allocated_activity (employee_id, planned_activity_id, allocated_hours) VALUES (6, 373, 17);
INSERT INTO planned_activity (teaching_activity_id, course_instance_id, planned_hours) VALUES (7, 79, 34);
INSERT INTO allocated_activity (employee_id, planned_activity_id, allocated_hours) VALUES (23, 374, 34);
INSERT INTO planned_activity (teaching_activity_id, course_instance_id, planned_hours) VALUES (6, 79, 40);
INSERT INTO allocated_activity (employee_id, planned_activity_id, allocated_hours) VALUES (23, 375, 40);
INSERT INTO course_instance (course_layout_id, num_students, study_year) VALUES (17, 140, '2024');
INSERT INTO course_instance_period (course_instance_id, study_period) VALUES (80, 'P2');
INSERT INTO planned_activity (teaching_activity_id, course_instance_id, planned_hours) VALUES (1, 80, 11);
INSERT INTO allocated_activity (employee_id, planned_activity_id, allocated_hours) VALUES (1, 376, 11);
INSERT INTO planned_activity (teaching_activity_id, course_instance_id, planned_hours) VALUES (3, 80, 15);
INSERT INTO allocated_activity (employee_id, planned_activity_id, allocated_hours) VALUES (31, 377, 15);
INSERT INTO planned_activity (teaching_activity_id, course_instance_id, planned_hours) VALUES (4, 80, 18);
INSERT INTO allocated_activity (employee_id, planned_activity_id, allocated_hours) VALUES (66, 378, 18);
INSERT INTO planned_activity (teaching_activity_id, course_instance_id, planned_hours) VALUES (7, 80, 45);
INSERT INTO allocated_activity (employee_id, planned_activity_id, allocated_hours) VALUES (1, 379, 45);
INSERT INTO planned_activity (teaching_activity_id, course_instance_id, planned_hours) VALUES (6, 80, 77);
INSERT INTO allocated_activity (employee_id, planned_activity_id, allocated_hours) VALUES (1, 380, 77);
INSERT INTO course_instance (course_layout_id, num_students, study_year) VALUES (18, 66, '2024');
INSERT INTO course_instance_period (course_instance_id, study_period) VALUES (81, 'P2');
INSERT INTO planned_activity (teaching_activity_id, course_instance_id, planned_hours) VALUES (1, 81, 24);
INSERT INTO allocated_activity (employee_id, planned_activity_id, allocated_hours) VALUES (32, 381, 24);
INSERT INTO planned_activity (teaching_activity_id, course_instance_id, planned_hours) VALUES (3, 81, 20);
INSERT INTO allocated_activity (employee_id, planned_activity_id, allocated_hours) VALUES (87, 382, 20);
INSERT INTO planned_activity (teaching_activity_id, course_instance_id, planned_hours) VALUES (7, 81, 41);
INSERT INTO allocated_activity (employee_id, planned_activity_id, allocated_hours) VALUES (32, 383, 41);
INSERT INTO planned_activity (teaching_activity_id, course_instance_id, planned_hours) VALUES (6, 81, 43);
INSERT INTO allocated_activity (employee_id, planned_activity_id, allocated_hours) VALUES (22, 384, 43);
INSERT INTO course_instance (course_layout_id, num_students, study_year) VALUES (19, 31, '2024');
INSERT INTO course_instance_period (course_instance_id, study_period) VALUES (82, 'P2');
INSERT INTO planned_activity (teaching_activity_id, course_instance_id, planned_hours) VALUES (1, 82, 26);
INSERT INTO allocated_activity (employee_id, planned_activity_id, allocated_hours) VALUES (37, 385, 26);
INSERT INTO planned_activity (teaching_activity_id, course_instance_id, planned_hours) VALUES (3, 82, 14);
INSERT INTO allocated_activity (employee_id, planned_activity_id, allocated_hours) VALUES (84, 386, 14);
INSERT INTO planned_activity (teaching_activity_id, course_instance_id, planned_hours) VALUES (7, 82, 31);
INSERT INTO allocated_activity (employee_id, planned_activity_id, allocated_hours) VALUES (37, 387, 31);
INSERT INTO planned_activity (teaching_activity_id, course_instance_id, planned_hours) VALUES (6, 82, 38);
INSERT INTO allocated_activity (employee_id, planned_activity_id, allocated_hours) VALUES (37, 388, 38);
INSERT INTO course_instance (course_layout_id, num_students, study_year) VALUES (21, 135, '2024');
INSERT INTO course_instance_period (course_instance_id, study_period) VALUES (83, 'P2');
INSERT INTO planned_activity (teaching_activity_id, course_instance_id, planned_hours) VALUES (1, 83, 14);
INSERT INTO allocated_activity (employee_id, planned_activity_id, allocated_hours) VALUES (50, 389, 14);
INSERT INTO planned_activity (teaching_activity_id, course_instance_id, planned_hours) VALUES (2, 83, 23);
INSERT INTO allocated_activity (employee_id, planned_activity_id, allocated_hours) VALUES (78, 390, 23);
INSERT INTO planned_activity (teaching_activity_id, course_instance_id, planned_hours) VALUES (4, 83, 16);
INSERT INTO allocated_activity (employee_id, planned_activity_id, allocated_hours) VALUES (95, 391, 16);
INSERT INTO planned_activity (teaching_activity_id, course_instance_id, planned_hours) VALUES (5, 83, 10);
INSERT INTO allocated_activity (employee_id, planned_activity_id, allocated_hours) VALUES (96, 392, 10);
INSERT INTO planned_activity (teaching_activity_id, course_instance_id, planned_hours) VALUES (7, 83, 59);
INSERT INTO allocated_activity (employee_id, planned_activity_id, allocated_hours) VALUES (50, 393, 59);
INSERT INTO planned_activity (teaching_activity_id, course_instance_id, planned_hours) VALUES (6, 83, 49);
INSERT INTO allocated_activity (employee_id, planned_activity_id, allocated_hours) VALUES (50, 394, 49);
INSERT INTO course_instance (course_layout_id, num_students, study_year) VALUES (24, 102, '2024');
INSERT INTO course_instance_period (course_instance_id, study_period) VALUES (84, 'P2');
INSERT INTO planned_activity (teaching_activity_id, course_instance_id, planned_hours) VALUES (1, 84, 20);
INSERT INTO allocated_activity (employee_id, planned_activity_id, allocated_hours) VALUES (69, 395, 20);
INSERT INTO planned_activity (teaching_activity_id, course_instance_id, planned_hours) VALUES (2, 84, 59);
INSERT INTO allocated_activity (employee_id, planned_activity_id, allocated_hours) VALUES (69, 396, 59);
INSERT INTO planned_activity (teaching_activity_id, course_instance_id, planned_hours) VALUES (7, 84, 23);
INSERT INTO allocated_activity (employee_id, planned_activity_id, allocated_hours) VALUES (68, 397, 23);
INSERT INTO planned_activity (teaching_activity_id, course_instance_id, planned_hours) VALUES (6, 84, 69);
INSERT INTO allocated_activity (employee_id, planned_activity_id, allocated_hours) VALUES (34, 398, 69);
INSERT INTO course_instance (course_layout_id, num_students, study_year) VALUES (1, 92, '2024');
INSERT INTO course_instance_period (course_instance_id, study_period) VALUES (85, 'P3');
INSERT INTO planned_activity (teaching_activity_id, course_instance_id, planned_hours) VALUES (1, 85, 21);
INSERT INTO allocated_activity (employee_id, planned_activity_id, allocated_hours) VALUES (94, 399, 21);
INSERT INTO planned_activity (teaching_activity_id, course_instance_id, planned_hours) VALUES (3, 85, 16);
INSERT INTO allocated_activity (employee_id, planned_activity_id, allocated_hours) VALUES (6, 400, 16);
INSERT INTO planned_activity (teaching_activity_id, course_instance_id, planned_hours) VALUES (4, 85, 10);
INSERT INTO allocated_activity (employee_id, planned_activity_id, allocated_hours) VALUES (87, 401, 10);
INSERT INTO planned_activity (teaching_activity_id, course_instance_id, planned_hours) VALUES (7, 85, 37);
INSERT INTO allocated_activity (employee_id, planned_activity_id, allocated_hours) VALUES (94, 402, 37);
INSERT INTO planned_activity (teaching_activity_id, course_instance_id, planned_hours) VALUES (6, 85, 57);
INSERT INTO allocated_activity (employee_id, planned_activity_id, allocated_hours) VALUES (94, 403, 57);
INSERT INTO course_instance (course_layout_id, num_students, study_year) VALUES (2, 133, '2024');
INSERT INTO course_instance_period (course_instance_id, study_period) VALUES (86, 'P3');
INSERT INTO planned_activity (teaching_activity_id, course_instance_id, planned_hours) VALUES (1, 86, 19);
INSERT INTO allocated_activity (employee_id, planned_activity_id, allocated_hours) VALUES (66, 404, 19);
INSERT INTO planned_activity (teaching_activity_id, course_instance_id, planned_hours) VALUES (3, 86, 14);
INSERT INTO allocated_activity (employee_id, planned_activity_id, allocated_hours) VALUES (75, 405, 14);
INSERT INTO planned_activity (teaching_activity_id, course_instance_id, planned_hours) VALUES (7, 86, 49);
INSERT INTO allocated_activity (employee_id, planned_activity_id, allocated_hours) VALUES (66, 406, 49);
INSERT INTO planned_activity (teaching_activity_id, course_instance_id, planned_hours) VALUES (6, 86, 37);
INSERT INTO allocated_activity (employee_id, planned_activity_id, allocated_hours) VALUES (66, 407, 37);
INSERT INTO course_instance (course_layout_id, num_students, study_year) VALUES (4, 37, '2024');
INSERT INTO course_instance_period (course_instance_id, study_period) VALUES (87, 'P3');
INSERT INTO planned_activity (teaching_activity_id, course_instance_id, planned_hours) VALUES (1, 87, 16);
INSERT INTO allocated_activity (employee_id, planned_activity_id, allocated_hours) VALUES (24, 408, 16);
INSERT INTO planned_activity (teaching_activity_id, course_instance_id, planned_hours) VALUES (2, 87, 48);
INSERT INTO allocated_activity (employee_id, planned_activity_id, allocated_hours) VALUES (15, 409, 48);
INSERT INTO planned_activity (teaching_activity_id, course_instance_id, planned_hours) VALUES (4, 87, 17);
INSERT INTO allocated_activity (employee_id, planned_activity_id, allocated_hours) VALUES (31, 410, 17);
INSERT INTO planned_activity (teaching_activity_id, course_instance_id, planned_hours) VALUES (7, 87, 35);
INSERT INTO allocated_activity (employee_id, planned_activity_id, allocated_hours) VALUES (24, 411, 35);
INSERT INTO planned_activity (teaching_activity_id, course_instance_id, planned_hours) VALUES (6, 87, 74);
INSERT INTO allocated_activity (employee_id, planned_activity_id, allocated_hours) VALUES (24, 412, 74);
INSERT INTO course_instance (course_layout_id, num_students, study_year) VALUES (5, 33, '2024');
INSERT INTO course_instance_period (course_instance_id, study_period) VALUES (88, 'P3');
INSERT INTO planned_activity (teaching_activity_id, course_instance_id, planned_hours) VALUES (1, 88, 24);
INSERT INTO allocated_activity (employee_id, planned_activity_id, allocated_hours) VALUES (23, 413, 24);
INSERT INTO planned_activity (teaching_activity_id, course_instance_id, planned_hours) VALUES (3, 88, 15);
INSERT INTO allocated_activity (employee_id, planned_activity_id, allocated_hours) VALUES (79, 414, 15);
INSERT INTO planned_activity (teaching_activity_id, course_instance_id, planned_hours) VALUES (5, 88, 18);
INSERT INTO allocated_activity (employee_id, planned_activity_id, allocated_hours) VALUES (47, 415, 18);
INSERT INTO planned_activity (teaching_activity_id, course_instance_id, planned_hours) VALUES (7, 88, 30);
INSERT INTO allocated_activity (employee_id, planned_activity_id, allocated_hours) VALUES (23, 416, 30);
INSERT INTO planned_activity (teaching_activity_id, course_instance_id, planned_hours) VALUES (6, 88, 60);
INSERT INTO allocated_activity (employee_id, planned_activity_id, allocated_hours) VALUES (23, 417, 60);
INSERT INTO course_instance (course_layout_id, num_students, study_year) VALUES (6, 118, '2024');
INSERT INTO course_instance_period (course_instance_id, study_period) VALUES (89, 'P3');
INSERT INTO planned_activity (teaching_activity_id, course_instance_id, planned_hours) VALUES (1, 89, 28);
INSERT INTO allocated_activity (employee_id, planned_activity_id, allocated_hours) VALUES (68, 418, 28);
INSERT INTO planned_activity (teaching_activity_id, course_instance_id, planned_hours) VALUES (3, 89, 15);
INSERT INTO allocated_activity (employee_id, planned_activity_id, allocated_hours) VALUES (75, 419, 15);
INSERT INTO planned_activity (teaching_activity_id, course_instance_id, planned_hours) VALUES (4, 89, 12);
INSERT INTO allocated_activity (employee_id, planned_activity_id, allocated_hours) VALUES (73, 420, 12);
INSERT INTO planned_activity (teaching_activity_id, course_instance_id, planned_hours) VALUES (5, 89, 14);
INSERT INTO allocated_activity (employee_id, planned_activity_id, allocated_hours) VALUES (35, 421, 14);
INSERT INTO planned_activity (teaching_activity_id, course_instance_id, planned_hours) VALUES (7, 89, 49);
INSERT INTO allocated_activity (employee_id, planned_activity_id, allocated_hours) VALUES (33, 422, 49);
INSERT INTO planned_activity (teaching_activity_id, course_instance_id, planned_hours) VALUES (6, 89, 44);
INSERT INTO allocated_activity (employee_id, planned_activity_id, allocated_hours) VALUES (33, 423, 44);
INSERT INTO course_instance (course_layout_id, num_students, study_year) VALUES (8, 42, '2024');
INSERT INTO course_instance_period (course_instance_id, study_period) VALUES (90, 'P3');
INSERT INTO planned_activity (teaching_activity_id, course_instance_id, planned_hours) VALUES (1, 90, 13);
INSERT INTO allocated_activity (employee_id, planned_activity_id, allocated_hours) VALUES (54, 424, 13);
INSERT INTO planned_activity (teaching_activity_id, course_instance_id, planned_hours) VALUES (3, 90, 18);
INSERT INTO allocated_activity (employee_id, planned_activity_id, allocated_hours) VALUES (49, 425, 18);
INSERT INTO planned_activity (teaching_activity_id, course_instance_id, planned_hours) VALUES (4, 90, 17);
INSERT INTO allocated_activity (employee_id, planned_activity_id, allocated_hours) VALUES (69, 426, 17);
INSERT INTO planned_activity (teaching_activity_id, course_instance_id, planned_hours) VALUES (7, 90, 38);
INSERT INTO allocated_activity (employee_id, planned_activity_id, allocated_hours) VALUES (11, 427, 38);
INSERT INTO planned_activity (teaching_activity_id, course_instance_id, planned_hours) VALUES (6, 90, 36);
INSERT INTO allocated_activity (employee_id, planned_activity_id, allocated_hours) VALUES (11, 428, 36);
INSERT INTO course_instance (course_layout_id, num_students, study_year) VALUES (9, 104, '2024');
INSERT INTO course_instance_period (course_instance_id, study_period) VALUES (91, 'P3');
INSERT INTO planned_activity (teaching_activity_id, course_instance_id, planned_hours) VALUES (1, 91, 25);
INSERT INTO allocated_activity (employee_id, planned_activity_id, allocated_hours) VALUES (68, 429, 25);
INSERT INTO planned_activity (teaching_activity_id, course_instance_id, planned_hours) VALUES (2, 91, 40);
INSERT INTO allocated_activity (employee_id, planned_activity_id, allocated_hours) VALUES (27, 430, 40);
INSERT INTO planned_activity (teaching_activity_id, course_instance_id, planned_hours) VALUES (4, 91, 10);
INSERT INTO allocated_activity (employee_id, planned_activity_id, allocated_hours) VALUES (85, 431, 10);
INSERT INTO planned_activity (teaching_activity_id, course_instance_id, planned_hours) VALUES (7, 91, 57);
INSERT INTO allocated_activity (employee_id, planned_activity_id, allocated_hours) VALUES (68, 432, 57);
INSERT INTO planned_activity (teaching_activity_id, course_instance_id, planned_hours) VALUES (6, 91, 33);
INSERT INTO allocated_activity (employee_id, planned_activity_id, allocated_hours) VALUES (68, 433, 33);
INSERT INTO course_instance (course_layout_id, num_students, study_year) VALUES (10, 99, '2024');
INSERT INTO course_instance_period (course_instance_id, study_period) VALUES (92, 'P3');
INSERT INTO planned_activity (teaching_activity_id, course_instance_id, planned_hours) VALUES (1, 92, 10);
INSERT INTO allocated_activity (employee_id, planned_activity_id, allocated_hours) VALUES (98, 434, 10);
INSERT INTO planned_activity (teaching_activity_id, course_instance_id, planned_hours) VALUES (3, 92, 16);
INSERT INTO allocated_activity (employee_id, planned_activity_id, allocated_hours) VALUES (71, 435, 16);
INSERT INTO planned_activity (teaching_activity_id, course_instance_id, planned_hours) VALUES (4, 92, 15);
INSERT INTO allocated_activity (employee_id, planned_activity_id, allocated_hours) VALUES (93, 436, 15);
INSERT INTO planned_activity (teaching_activity_id, course_instance_id, planned_hours) VALUES (7, 92, 33);
INSERT INTO allocated_activity (employee_id, planned_activity_id, allocated_hours) VALUES (98, 437, 33);
INSERT INTO planned_activity (teaching_activity_id, course_instance_id, planned_hours) VALUES (6, 92, 68);
INSERT INTO allocated_activity (employee_id, planned_activity_id, allocated_hours) VALUES (98, 438, 68);
INSERT INTO course_instance (course_layout_id, num_students, study_year) VALUES (13, 91, '2024');
INSERT INTO course_instance_period (course_instance_id, study_period) VALUES (93, 'P3');
INSERT INTO planned_activity (teaching_activity_id, course_instance_id, planned_hours) VALUES (1, 93, 26);
INSERT INTO allocated_activity (employee_id, planned_activity_id, allocated_hours) VALUES (54, 439, 26);
INSERT INTO planned_activity (teaching_activity_id, course_instance_id, planned_hours) VALUES (3, 93, 10);
INSERT INTO allocated_activity (employee_id, planned_activity_id, allocated_hours) VALUES (100, 440, 10);
INSERT INTO planned_activity (teaching_activity_id, course_instance_id, planned_hours) VALUES (5, 93, 18);
INSERT INTO allocated_activity (employee_id, planned_activity_id, allocated_hours) VALUES (25, 441, 18);
INSERT INTO planned_activity (teaching_activity_id, course_instance_id, planned_hours) VALUES (7, 93, 44);
INSERT INTO allocated_activity (employee_id, planned_activity_id, allocated_hours) VALUES (54, 442, 44);
INSERT INTO planned_activity (teaching_activity_id, course_instance_id, planned_hours) VALUES (6, 93, 40);
INSERT INTO allocated_activity (employee_id, planned_activity_id, allocated_hours) VALUES (54, 443, 40);
INSERT INTO course_instance (course_layout_id, num_students, study_year) VALUES (15, 130, '2024');
INSERT INTO course_instance_period (course_instance_id, study_period) VALUES (94, 'P3');
INSERT INTO planned_activity (teaching_activity_id, course_instance_id, planned_hours) VALUES (1, 94, 23);
INSERT INTO allocated_activity (employee_id, planned_activity_id, allocated_hours) VALUES (45, 444, 23);
INSERT INTO planned_activity (teaching_activity_id, course_instance_id, planned_hours) VALUES (3, 94, 17);
INSERT INTO allocated_activity (employee_id, planned_activity_id, allocated_hours) VALUES (47, 445, 17);
INSERT INTO planned_activity (teaching_activity_id, course_instance_id, planned_hours) VALUES (4, 94, 19);
INSERT INTO allocated_activity (employee_id, planned_activity_id, allocated_hours) VALUES (18, 446, 19);
INSERT INTO planned_activity (teaching_activity_id, course_instance_id, planned_hours) VALUES (5, 94, 20);
INSERT INTO allocated_activity (employee_id, planned_activity_id, allocated_hours) VALUES (6, 447, 20);
INSERT INTO planned_activity (teaching_activity_id, course_instance_id, planned_hours) VALUES (7, 94, 31);
INSERT INTO allocated_activity (employee_id, planned_activity_id, allocated_hours) VALUES (45, 448, 31);
INSERT INTO planned_activity (teaching_activity_id, course_instance_id, planned_hours) VALUES (6, 94, 39);
INSERT INTO allocated_activity (employee_id, planned_activity_id, allocated_hours) VALUES (45, 449, 39);
INSERT INTO course_instance (course_layout_id, num_students, study_year) VALUES (17, 127, '2024');
INSERT INTO course_instance_period (course_instance_id, study_period) VALUES (95, 'P3');
INSERT INTO planned_activity (teaching_activity_id, course_instance_id, planned_hours) VALUES (1, 95, 26);
INSERT INTO allocated_activity (employee_id, planned_activity_id, allocated_hours) VALUES (7, 450, 26);
INSERT INTO planned_activity (teaching_activity_id, course_instance_id, planned_hours) VALUES (3, 95, 12);
INSERT INTO allocated_activity (employee_id, planned_activity_id, allocated_hours) VALUES (34, 451, 12);
INSERT INTO planned_activity (teaching_activity_id, course_instance_id, planned_hours) VALUES (7, 95, 55);
INSERT INTO allocated_activity (employee_id, planned_activity_id, allocated_hours) VALUES (7, 452, 55);
INSERT INTO planned_activity (teaching_activity_id, course_instance_id, planned_hours) VALUES (6, 95, 79);
INSERT INTO allocated_activity (employee_id, planned_activity_id, allocated_hours) VALUES (7, 453, 79);
INSERT INTO course_instance (course_layout_id, num_students, study_year) VALUES (19, 68, '2024');
INSERT INTO course_instance_period (course_instance_id, study_period) VALUES (96, 'P3');
INSERT INTO planned_activity (teaching_activity_id, course_instance_id, planned_hours) VALUES (1, 96, 26);
INSERT INTO allocated_activity (employee_id, planned_activity_id, allocated_hours) VALUES (78, 454, 26);
INSERT INTO planned_activity (teaching_activity_id, course_instance_id, planned_hours) VALUES (2, 96, 42);
INSERT INTO allocated_activity (employee_id, planned_activity_id, allocated_hours) VALUES (22, 455, 42);
INSERT INTO planned_activity (teaching_activity_id, course_instance_id, planned_hours) VALUES (5, 96, 11);
INSERT INTO allocated_activity (employee_id, planned_activity_id, allocated_hours) VALUES (29, 456, 11);
INSERT INTO planned_activity (teaching_activity_id, course_instance_id, planned_hours) VALUES (7, 96, 49);
INSERT INTO allocated_activity (employee_id, planned_activity_id, allocated_hours) VALUES (78, 457, 49);
INSERT INTO planned_activity (teaching_activity_id, course_instance_id, planned_hours) VALUES (6, 96, 52);
INSERT INTO allocated_activity (employee_id, planned_activity_id, allocated_hours) VALUES (78, 458, 52);
INSERT INTO course_instance (course_layout_id, num_students, study_year) VALUES (20, 163, '2024');
INSERT INTO course_instance_period (course_instance_id, study_period) VALUES (97, 'P3');
INSERT INTO planned_activity (teaching_activity_id, course_instance_id, planned_hours) VALUES (1, 97, 25);
INSERT INTO allocated_activity (employee_id, planned_activity_id, allocated_hours) VALUES (62, 459, 25);
INSERT INTO planned_activity (teaching_activity_id, course_instance_id, planned_hours) VALUES (3, 97, 19);
INSERT INTO allocated_activity (employee_id, planned_activity_id, allocated_hours) VALUES (81, 460, 19);
INSERT INTO planned_activity (teaching_activity_id, course_instance_id, planned_hours) VALUES (4, 97, 19);
INSERT INTO allocated_activity (employee_id, planned_activity_id, allocated_hours) VALUES (15, 461, 19);
INSERT INTO planned_activity (teaching_activity_id, course_instance_id, planned_hours) VALUES (5, 97, 10);
INSERT INTO allocated_activity (employee_id, planned_activity_id, allocated_hours) VALUES (76, 462, 10);
INSERT INTO planned_activity (teaching_activity_id, course_instance_id, planned_hours) VALUES (7, 97, 39);
INSERT INTO allocated_activity (employee_id, planned_activity_id, allocated_hours) VALUES (62, 463, 39);
INSERT INTO planned_activity (teaching_activity_id, course_instance_id, planned_hours) VALUES (6, 97, 45);
INSERT INTO allocated_activity (employee_id, planned_activity_id, allocated_hours) VALUES (82, 464, 45);
INSERT INTO course_instance (course_layout_id, num_students, study_year) VALUES (21, 37, '2024');
INSERT INTO course_instance_period (course_instance_id, study_period) VALUES (98, 'P3');
INSERT INTO planned_activity (teaching_activity_id, course_instance_id, planned_hours) VALUES (1, 98, 29);
INSERT INTO allocated_activity (employee_id, planned_activity_id, allocated_hours) VALUES (58, 465, 29);
INSERT INTO planned_activity (teaching_activity_id, course_instance_id, planned_hours) VALUES (3, 98, 16);
INSERT INTO allocated_activity (employee_id, planned_activity_id, allocated_hours) VALUES (22, 466, 16);
INSERT INTO planned_activity (teaching_activity_id, course_instance_id, planned_hours) VALUES (7, 98, 47);
INSERT INTO allocated_activity (employee_id, planned_activity_id, allocated_hours) VALUES (58, 467, 47);
INSERT INTO planned_activity (teaching_activity_id, course_instance_id, planned_hours) VALUES (6, 98, 74);
INSERT INTO allocated_activity (employee_id, planned_activity_id, allocated_hours) VALUES (58, 468, 74);
INSERT INTO course_instance (course_layout_id, num_students, study_year) VALUES (23, 166, '2024');
INSERT INTO course_instance_period (course_instance_id, study_period) VALUES (99, 'P3');
INSERT INTO planned_activity (teaching_activity_id, course_instance_id, planned_hours) VALUES (1, 99, 29);
INSERT INTO allocated_activity (employee_id, planned_activity_id, allocated_hours) VALUES (22, 469, 29);
INSERT INTO planned_activity (teaching_activity_id, course_instance_id, planned_hours) VALUES (3, 99, 10);
INSERT INTO allocated_activity (employee_id, planned_activity_id, allocated_hours) VALUES (86, 470, 10);
INSERT INTO planned_activity (teaching_activity_id, course_instance_id, planned_hours) VALUES (4, 99, 18);
INSERT INTO allocated_activity (employee_id, planned_activity_id, allocated_hours) VALUES (57, 471, 18);
INSERT INTO planned_activity (teaching_activity_id, course_instance_id, planned_hours) VALUES (5, 99, 20);
INSERT INTO allocated_activity (employee_id, planned_activity_id, allocated_hours) VALUES (45, 472, 20);
INSERT INTO planned_activity (teaching_activity_id, course_instance_id, planned_hours) VALUES (7, 99, 56);
INSERT INTO allocated_activity (employee_id, planned_activity_id, allocated_hours) VALUES (54, 473, 56);
INSERT INTO planned_activity (teaching_activity_id, course_instance_id, planned_hours) VALUES (6, 99, 73);
INSERT INTO allocated_activity (employee_id, planned_activity_id, allocated_hours) VALUES (54, 474, 73);
INSERT INTO course_instance (course_layout_id, num_students, study_year) VALUES (24, 71, '2024');
INSERT INTO course_instance_period (course_instance_id, study_period) VALUES (100, 'P3');
INSERT INTO planned_activity (teaching_activity_id, course_instance_id, planned_hours) VALUES (1, 100, 29);
INSERT INTO allocated_activity (employee_id, planned_activity_id, allocated_hours) VALUES (38, 475, 29);
INSERT INTO planned_activity (teaching_activity_id, course_instance_id, planned_hours) VALUES (3, 100, 11);
INSERT INTO allocated_activity (employee_id, planned_activity_id, allocated_hours) VALUES (83, 476, 11);
INSERT INTO planned_activity (teaching_activity_id, course_instance_id, planned_hours) VALUES (4, 100, 17);
INSERT INTO allocated_activity (employee_id, planned_activity_id, allocated_hours) VALUES (21, 477, 17);
INSERT INTO planned_activity (teaching_activity_id, course_instance_id, planned_hours) VALUES (7, 100, 29);
INSERT INTO allocated_activity (employee_id, planned_activity_id, allocated_hours) VALUES (38, 478, 29);
INSERT INTO planned_activity (teaching_activity_id, course_instance_id, planned_hours) VALUES (6, 100, 32);
INSERT INTO allocated_activity (employee_id, planned_activity_id, allocated_hours) VALUES (38, 479, 32);
INSERT INTO course_instance (course_layout_id, num_students, study_year) VALUES (4, 118, '2024');
INSERT INTO course_instance_period (course_instance_id, study_period) VALUES (101, 'P4');
INSERT INTO planned_activity (teaching_activity_id, course_instance_id, planned_hours) VALUES (1, 101, 24);
INSERT INTO allocated_activity (employee_id, planned_activity_id, allocated_hours) VALUES (48, 480, 24);
INSERT INTO planned_activity (teaching_activity_id, course_instance_id, planned_hours) VALUES (3, 101, 17);
INSERT INTO allocated_activity (employee_id, planned_activity_id, allocated_hours) VALUES (82, 481, 17);
INSERT INTO planned_activity (teaching_activity_id, course_instance_id, planned_hours) VALUES (4, 101, 17);
INSERT INTO allocated_activity (employee_id, planned_activity_id, allocated_hours) VALUES (64, 482, 17);
INSERT INTO planned_activity (teaching_activity_id, course_instance_id, planned_hours) VALUES (7, 101, 56);
INSERT INTO allocated_activity (employee_id, planned_activity_id, allocated_hours) VALUES (48, 483, 56);
INSERT INTO planned_activity (teaching_activity_id, course_instance_id, planned_hours) VALUES (6, 101, 68);
INSERT INTO allocated_activity (employee_id, planned_activity_id, allocated_hours) VALUES (48, 484, 68);
INSERT INTO course_instance (course_layout_id, num_students, study_year) VALUES (5, 62, '2024');
INSERT INTO course_instance_period (course_instance_id, study_period) VALUES (102, 'P4');
INSERT INTO planned_activity (teaching_activity_id, course_instance_id, planned_hours) VALUES (1, 102, 18);
INSERT INTO allocated_activity (employee_id, planned_activity_id, allocated_hours) VALUES (37, 485, 18);
INSERT INTO planned_activity (teaching_activity_id, course_instance_id, planned_hours) VALUES (3, 102, 13);
INSERT INTO allocated_activity (employee_id, planned_activity_id, allocated_hours) VALUES (92, 486, 13);
INSERT INTO planned_activity (teaching_activity_id, course_instance_id, planned_hours) VALUES (7, 102, 56);
INSERT INTO allocated_activity (employee_id, planned_activity_id, allocated_hours) VALUES (37, 487, 56);
INSERT INTO planned_activity (teaching_activity_id, course_instance_id, planned_hours) VALUES (6, 102, 45);
INSERT INTO allocated_activity (employee_id, planned_activity_id, allocated_hours) VALUES (37, 488, 45);
INSERT INTO course_instance (course_layout_id, num_students, study_year) VALUES (6, 40, '2024');
INSERT INTO course_instance_period (course_instance_id, study_period) VALUES (103, 'P4');
INSERT INTO planned_activity (teaching_activity_id, course_instance_id, planned_hours) VALUES (1, 103, 28);
INSERT INTO allocated_activity (employee_id, planned_activity_id, allocated_hours) VALUES (4, 489, 28);
INSERT INTO planned_activity (teaching_activity_id, course_instance_id, planned_hours) VALUES (3, 103, 20);
INSERT INTO allocated_activity (employee_id, planned_activity_id, allocated_hours) VALUES (67, 490, 20);
INSERT INTO planned_activity (teaching_activity_id, course_instance_id, planned_hours) VALUES (7, 103, 43);
INSERT INTO allocated_activity (employee_id, planned_activity_id, allocated_hours) VALUES (4, 491, 43);
INSERT INTO planned_activity (teaching_activity_id, course_instance_id, planned_hours) VALUES (6, 103, 59);
INSERT INTO allocated_activity (employee_id, planned_activity_id, allocated_hours) VALUES (4, 492, 59);
INSERT INTO course_instance (course_layout_id, num_students, study_year) VALUES (9, 179, '2024');
INSERT INTO course_instance_period (course_instance_id, study_period) VALUES (104, 'P4');
INSERT INTO planned_activity (teaching_activity_id, course_instance_id, planned_hours) VALUES (1, 104, 23);
INSERT INTO allocated_activity (employee_id, planned_activity_id, allocated_hours) VALUES (64, 493, 23);
INSERT INTO planned_activity (teaching_activity_id, course_instance_id, planned_hours) VALUES (2, 104, 47);
INSERT INTO allocated_activity (employee_id, planned_activity_id, allocated_hours) VALUES (24, 494, 47);
INSERT INTO planned_activity (teaching_activity_id, course_instance_id, planned_hours) VALUES (7, 104, 37);
INSERT INTO allocated_activity (employee_id, planned_activity_id, allocated_hours) VALUES (44, 495, 37);
INSERT INTO planned_activity (teaching_activity_id, course_instance_id, planned_hours) VALUES (6, 104, 58);
INSERT INTO allocated_activity (employee_id, planned_activity_id, allocated_hours) VALUES (44, 496, 58);
INSERT INTO course_instance (course_layout_id, num_students, study_year) VALUES (10, 54, '2024');
INSERT INTO course_instance_period (course_instance_id, study_period) VALUES (105, 'P4');
INSERT INTO planned_activity (teaching_activity_id, course_instance_id, planned_hours) VALUES (1, 105, 14);
INSERT INTO allocated_activity (employee_id, planned_activity_id, allocated_hours) VALUES (60, 497, 14);
INSERT INTO planned_activity (teaching_activity_id, course_instance_id, planned_hours) VALUES (3, 105, 10);
INSERT INTO allocated_activity (employee_id, planned_activity_id, allocated_hours) VALUES (50, 498, 10);
INSERT INTO planned_activity (teaching_activity_id, course_instance_id, planned_hours) VALUES (4, 105, 20);
INSERT INTO allocated_activity (employee_id, planned_activity_id, allocated_hours) VALUES (54, 499, 20);
INSERT INTO planned_activity (teaching_activity_id, course_instance_id, planned_hours) VALUES (7, 105, 38);
INSERT INTO allocated_activity (employee_id, planned_activity_id, allocated_hours) VALUES (60, 500, 38);
INSERT INTO planned_activity (teaching_activity_id, course_instance_id, planned_hours) VALUES (6, 105, 75);
INSERT INTO allocated_activity (employee_id, planned_activity_id, allocated_hours) VALUES (63, 501, 75);
INSERT INTO course_instance (course_layout_id, num_students, study_year) VALUES (11, 97, '2024');
INSERT INTO course_instance_period (course_instance_id, study_period) VALUES (106, 'P4');
INSERT INTO planned_activity (teaching_activity_id, course_instance_id, planned_hours) VALUES (1, 106, 19);
INSERT INTO allocated_activity (employee_id, planned_activity_id, allocated_hours) VALUES (49, 502, 19);
INSERT INTO planned_activity (teaching_activity_id, course_instance_id, planned_hours) VALUES (2, 106, 26);
INSERT INTO allocated_activity (employee_id, planned_activity_id, allocated_hours) VALUES (82, 503, 26);
INSERT INTO planned_activity (teaching_activity_id, course_instance_id, planned_hours) VALUES (4, 106, 14);
INSERT INTO allocated_activity (employee_id, planned_activity_id, allocated_hours) VALUES (83, 504, 14);
INSERT INTO planned_activity (teaching_activity_id, course_instance_id, planned_hours) VALUES (7, 106, 36);
INSERT INTO allocated_activity (employee_id, planned_activity_id, allocated_hours) VALUES (49, 505, 36);
INSERT INTO planned_activity (teaching_activity_id, course_instance_id, planned_hours) VALUES (6, 106, 62);
INSERT INTO allocated_activity (employee_id, planned_activity_id, allocated_hours) VALUES (49, 506, 62);
INSERT INTO course_instance (course_layout_id, num_students, study_year) VALUES (12, 45, '2024');
INSERT INTO course_instance_period (course_instance_id, study_period) VALUES (107, 'P4');
INSERT INTO planned_activity (teaching_activity_id, course_instance_id, planned_hours) VALUES (1, 107, 11);
INSERT INTO allocated_activity (employee_id, planned_activity_id, allocated_hours) VALUES (38, 507, 11);
INSERT INTO planned_activity (teaching_activity_id, course_instance_id, planned_hours) VALUES (3, 107, 13);
INSERT INTO allocated_activity (employee_id, planned_activity_id, allocated_hours) VALUES (6, 508, 13);
INSERT INTO planned_activity (teaching_activity_id, course_instance_id, planned_hours) VALUES (7, 107, 56);
INSERT INTO allocated_activity (employee_id, planned_activity_id, allocated_hours) VALUES (38, 509, 56);
INSERT INTO planned_activity (teaching_activity_id, course_instance_id, planned_hours) VALUES (6, 107, 71);
INSERT INTO allocated_activity (employee_id, planned_activity_id, allocated_hours) VALUES (38, 510, 71);
INSERT INTO course_instance (course_layout_id, num_students, study_year) VALUES (13, 145, '2024');
INSERT INTO course_instance_period (course_instance_id, study_period) VALUES (108, 'P4');
INSERT INTO planned_activity (teaching_activity_id, course_instance_id, planned_hours) VALUES (1, 108, 22);
INSERT INTO allocated_activity (employee_id, planned_activity_id, allocated_hours) VALUES (89, 511, 22);
INSERT INTO planned_activity (teaching_activity_id, course_instance_id, planned_hours) VALUES (2, 108, 24);
INSERT INTO allocated_activity (employee_id, planned_activity_id, allocated_hours) VALUES (33, 512, 24);
INSERT INTO planned_activity (teaching_activity_id, course_instance_id, planned_hours) VALUES (7, 108, 30);
INSERT INTO allocated_activity (employee_id, planned_activity_id, allocated_hours) VALUES (89, 513, 30);
INSERT INTO planned_activity (teaching_activity_id, course_instance_id, planned_hours) VALUES (6, 108, 73);
INSERT INTO allocated_activity (employee_id, planned_activity_id, allocated_hours) VALUES (89, 514, 73);
INSERT INTO course_instance (course_layout_id, num_students, study_year) VALUES (14, 164, '2024');
INSERT INTO course_instance_period (course_instance_id, study_period) VALUES (109, 'P4');
INSERT INTO planned_activity (teaching_activity_id, course_instance_id, planned_hours) VALUES (1, 109, 24);
INSERT INTO allocated_activity (employee_id, planned_activity_id, allocated_hours) VALUES (93, 515, 24);
INSERT INTO planned_activity (teaching_activity_id, course_instance_id, planned_hours) VALUES (3, 109, 19);
INSERT INTO allocated_activity (employee_id, planned_activity_id, allocated_hours) VALUES (38, 516, 19);
INSERT INTO planned_activity (teaching_activity_id, course_instance_id, planned_hours) VALUES (4, 109, 15);
INSERT INTO allocated_activity (employee_id, planned_activity_id, allocated_hours) VALUES (21, 517, 15);
INSERT INTO planned_activity (teaching_activity_id, course_instance_id, planned_hours) VALUES (5, 109, 16);
INSERT INTO allocated_activity (employee_id, planned_activity_id, allocated_hours) VALUES (81, 518, 16);
INSERT INTO planned_activity (teaching_activity_id, course_instance_id, planned_hours) VALUES (7, 109, 56);
INSERT INTO allocated_activity (employee_id, planned_activity_id, allocated_hours) VALUES (93, 519, 56);
INSERT INTO planned_activity (teaching_activity_id, course_instance_id, planned_hours) VALUES (6, 109, 30);
INSERT INTO allocated_activity (employee_id, planned_activity_id, allocated_hours) VALUES (93, 520, 30);
INSERT INTO course_instance (course_layout_id, num_students, study_year) VALUES (15, 35, '2024');
INSERT INTO course_instance_period (course_instance_id, study_period) VALUES (110, 'P4');
INSERT INTO planned_activity (teaching_activity_id, course_instance_id, planned_hours) VALUES (1, 110, 24);
INSERT INTO allocated_activity (employee_id, planned_activity_id, allocated_hours) VALUES (85, 521, 24);
INSERT INTO planned_activity (teaching_activity_id, course_instance_id, planned_hours) VALUES (3, 110, 11);
INSERT INTO allocated_activity (employee_id, planned_activity_id, allocated_hours) VALUES (62, 522, 11);
INSERT INTO planned_activity (teaching_activity_id, course_instance_id, planned_hours) VALUES (7, 110, 57);
INSERT INTO allocated_activity (employee_id, planned_activity_id, allocated_hours) VALUES (85, 523, 57);
INSERT INTO planned_activity (teaching_activity_id, course_instance_id, planned_hours) VALUES (6, 110, 52);
INSERT INTO allocated_activity (employee_id, planned_activity_id, allocated_hours) VALUES (85, 524, 52);
INSERT INTO course_instance (course_layout_id, num_students, study_year) VALUES (17, 54, '2024');
INSERT INTO course_instance_period (course_instance_id, study_period) VALUES (111, 'P4');
INSERT INTO planned_activity (teaching_activity_id, course_instance_id, planned_hours) VALUES (1, 111, 29);
INSERT INTO allocated_activity (employee_id, planned_activity_id, allocated_hours) VALUES (62, 525, 29);
INSERT INTO planned_activity (teaching_activity_id, course_instance_id, planned_hours) VALUES (3, 111, 10);
INSERT INTO allocated_activity (employee_id, planned_activity_id, allocated_hours) VALUES (75, 526, 10);
INSERT INTO planned_activity (teaching_activity_id, course_instance_id, planned_hours) VALUES (7, 111, 60);
INSERT INTO allocated_activity (employee_id, planned_activity_id, allocated_hours) VALUES (62, 527, 60);
INSERT INTO planned_activity (teaching_activity_id, course_instance_id, planned_hours) VALUES (6, 111, 61);
INSERT INTO allocated_activity (employee_id, planned_activity_id, allocated_hours) VALUES (62, 528, 61);
INSERT INTO course_instance (course_layout_id, num_students, study_year) VALUES (18, 127, '2024');
INSERT INTO course_instance_period (course_instance_id, study_period) VALUES (112, 'P4');
INSERT INTO planned_activity (teaching_activity_id, course_instance_id, planned_hours) VALUES (1, 112, 14);
INSERT INTO allocated_activity (employee_id, planned_activity_id, allocated_hours) VALUES (97, 529, 14);
INSERT INTO planned_activity (teaching_activity_id, course_instance_id, planned_hours) VALUES (2, 112, 47);
INSERT INTO allocated_activity (employee_id, planned_activity_id, allocated_hours) VALUES (78, 530, 47);
INSERT INTO planned_activity (teaching_activity_id, course_instance_id, planned_hours) VALUES (4, 112, 20);
INSERT INTO allocated_activity (employee_id, planned_activity_id, allocated_hours) VALUES (31, 531, 20);
INSERT INTO planned_activity (teaching_activity_id, course_instance_id, planned_hours) VALUES (5, 112, 20);
INSERT INTO allocated_activity (employee_id, planned_activity_id, allocated_hours) VALUES (41, 532, 20);
INSERT INTO planned_activity (teaching_activity_id, course_instance_id, planned_hours) VALUES (7, 112, 60);
INSERT INTO allocated_activity (employee_id, planned_activity_id, allocated_hours) VALUES (1, 533, 60);
INSERT INTO planned_activity (teaching_activity_id, course_instance_id, planned_hours) VALUES (6, 112, 68);
INSERT INTO allocated_activity (employee_id, planned_activity_id, allocated_hours) VALUES (97, 534, 68);
INSERT INTO course_instance (course_layout_id, num_students, study_year) VALUES (21, 176, '2024');
INSERT INTO course_instance_period (course_instance_id, study_period) VALUES (113, 'P4');
INSERT INTO planned_activity (teaching_activity_id, course_instance_id, planned_hours) VALUES (1, 113, 15);
INSERT INTO allocated_activity (employee_id, planned_activity_id, allocated_hours) VALUES (55, 535, 15);
INSERT INTO planned_activity (teaching_activity_id, course_instance_id, planned_hours) VALUES (3, 113, 13);
INSERT INTO allocated_activity (employee_id, planned_activity_id, allocated_hours) VALUES (87, 536, 13);
INSERT INTO planned_activity (teaching_activity_id, course_instance_id, planned_hours) VALUES (4, 113, 10);
INSERT INTO allocated_activity (employee_id, planned_activity_id, allocated_hours) VALUES (89, 537, 10);
INSERT INTO planned_activity (teaching_activity_id, course_instance_id, planned_hours) VALUES (5, 113, 19);
INSERT INTO allocated_activity (employee_id, planned_activity_id, allocated_hours) VALUES (16, 538, 19);
INSERT INTO planned_activity (teaching_activity_id, course_instance_id, planned_hours) VALUES (7, 113, 32);
INSERT INTO allocated_activity (employee_id, planned_activity_id, allocated_hours) VALUES (55, 539, 32);
INSERT INTO planned_activity (teaching_activity_id, course_instance_id, planned_hours) VALUES (6, 113, 71);
INSERT INTO allocated_activity (employee_id, planned_activity_id, allocated_hours) VALUES (55, 540, 71);
INSERT INTO course_instance (course_layout_id, num_students, study_year) VALUES (23, 169, '2024');
INSERT INTO course_instance_period (course_instance_id, study_period) VALUES (114, 'P4');
INSERT INTO planned_activity (teaching_activity_id, course_instance_id, planned_hours) VALUES (1, 114, 28);
INSERT INTO allocated_activity (employee_id, planned_activity_id, allocated_hours) VALUES (56, 541, 28);
INSERT INTO planned_activity (teaching_activity_id, course_instance_id, planned_hours) VALUES (3, 114, 18);
INSERT INTO allocated_activity (employee_id, planned_activity_id, allocated_hours) VALUES (58, 542, 18);
INSERT INTO planned_activity (teaching_activity_id, course_instance_id, planned_hours) VALUES (7, 114, 55);
INSERT INTO allocated_activity (employee_id, planned_activity_id, allocated_hours) VALUES (56, 543, 55);
INSERT INTO planned_activity (teaching_activity_id, course_instance_id, planned_hours) VALUES (6, 114, 36);
INSERT INTO allocated_activity (employee_id, planned_activity_id, allocated_hours) VALUES (56, 544, 36);
INSERT INTO course_instance (course_layout_id, num_students, study_year) VALUES (24, 120, '2024');
INSERT INTO course_instance_period (course_instance_id, study_period) VALUES (115, 'P4');
INSERT INTO planned_activity (teaching_activity_id, course_instance_id, planned_hours) VALUES (1, 115, 13);
INSERT INTO allocated_activity (employee_id, planned_activity_id, allocated_hours) VALUES (23, 545, 13);
INSERT INTO planned_activity (teaching_activity_id, course_instance_id, planned_hours) VALUES (2, 115, 24);
INSERT INTO allocated_activity (employee_id, planned_activity_id, allocated_hours) VALUES (34, 546, 24);
INSERT INTO planned_activity (teaching_activity_id, course_instance_id, planned_hours) VALUES (5, 115, 20);
INSERT INTO allocated_activity (employee_id, planned_activity_id, allocated_hours) VALUES (16, 547, 20);
INSERT INTO planned_activity (teaching_activity_id, course_instance_id, planned_hours) VALUES (7, 115, 55);
INSERT INTO allocated_activity (employee_id, planned_activity_id, allocated_hours) VALUES (23, 548, 55);
INSERT INTO planned_activity (teaching_activity_id, course_instance_id, planned_hours) VALUES (6, 115, 44);
INSERT INTO allocated_activity (employee_id, planned_activity_id, allocated_hours) VALUES (23, 549, 44);
INSERT INTO course_instance (course_layout_id, num_students, study_year) VALUES (1, 178, '2025');
INSERT INTO course_instance_period (course_instance_id, study_period) VALUES (116, 'P1');
INSERT INTO planned_activity (teaching_activity_id, course_instance_id, planned_hours) VALUES (1, 116, 12);
INSERT INTO allocated_activity (employee_id, planned_activity_id, allocated_hours) VALUES (48, 550, 12);
INSERT INTO planned_activity (teaching_activity_id, course_instance_id, planned_hours) VALUES (2, 116, 41);
INSERT INTO allocated_activity (employee_id, planned_activity_id, allocated_hours) VALUES (73, 551, 41);
INSERT INTO planned_activity (teaching_activity_id, course_instance_id, planned_hours) VALUES (7, 116, 43);
INSERT INTO allocated_activity (employee_id, planned_activity_id, allocated_hours) VALUES (24, 552, 43);
INSERT INTO planned_activity (teaching_activity_id, course_instance_id, planned_hours) VALUES (6, 116, 65);
INSERT INTO allocated_activity (employee_id, planned_activity_id, allocated_hours) VALUES (24, 553, 65);
INSERT INTO course_instance (course_layout_id, num_students, study_year) VALUES (2, 112, '2025');
INSERT INTO course_instance_period (course_instance_id, study_period) VALUES (117, 'P1');
INSERT INTO planned_activity (teaching_activity_id, course_instance_id, planned_hours) VALUES (1, 117, 26);
INSERT INTO allocated_activity (employee_id, planned_activity_id, allocated_hours) VALUES (52, 554, 26);
INSERT INTO planned_activity (teaching_activity_id, course_instance_id, planned_hours) VALUES (2, 117, 47);
INSERT INTO allocated_activity (employee_id, planned_activity_id, allocated_hours) VALUES (77, 555, 47);
INSERT INTO planned_activity (teaching_activity_id, course_instance_id, planned_hours) VALUES (7, 117, 29);
INSERT INTO allocated_activity (employee_id, planned_activity_id, allocated_hours) VALUES (52, 556, 29);
INSERT INTO planned_activity (teaching_activity_id, course_instance_id, planned_hours) VALUES (6, 117, 44);
INSERT INTO allocated_activity (employee_id, planned_activity_id, allocated_hours) VALUES (52, 557, 44);
INSERT INTO course_instance (course_layout_id, num_students, study_year) VALUES (5, 131, '2025');
INSERT INTO course_instance_period (course_instance_id, study_period) VALUES (118, 'P1');
INSERT INTO planned_activity (teaching_activity_id, course_instance_id, planned_hours) VALUES (1, 118, 16);
INSERT INTO allocated_activity (employee_id, planned_activity_id, allocated_hours) VALUES (7, 558, 16);
INSERT INTO planned_activity (teaching_activity_id, course_instance_id, planned_hours) VALUES (3, 118, 11);
INSERT INTO allocated_activity (employee_id, planned_activity_id, allocated_hours) VALUES (48, 559, 11);
INSERT INTO planned_activity (teaching_activity_id, course_instance_id, planned_hours) VALUES (4, 118, 10);
INSERT INTO allocated_activity (employee_id, planned_activity_id, allocated_hours) VALUES (83, 560, 10);
INSERT INTO planned_activity (teaching_activity_id, course_instance_id, planned_hours) VALUES (7, 118, 36);
INSERT INTO allocated_activity (employee_id, planned_activity_id, allocated_hours) VALUES (7, 561, 36);
INSERT INTO planned_activity (teaching_activity_id, course_instance_id, planned_hours) VALUES (6, 118, 59);
INSERT INTO allocated_activity (employee_id, planned_activity_id, allocated_hours) VALUES (7, 562, 59);
INSERT INTO course_instance (course_layout_id, num_students, study_year) VALUES (6, 122, '2025');
INSERT INTO course_instance_period (course_instance_id, study_period) VALUES (119, 'P1');
INSERT INTO planned_activity (teaching_activity_id, course_instance_id, planned_hours) VALUES (1, 119, 29);
INSERT INTO allocated_activity (employee_id, planned_activity_id, allocated_hours) VALUES (71, 563, 29);
INSERT INTO planned_activity (teaching_activity_id, course_instance_id, planned_hours) VALUES (3, 119, 11);
INSERT INTO allocated_activity (employee_id, planned_activity_id, allocated_hours) VALUES (16, 564, 11);
INSERT INTO planned_activity (teaching_activity_id, course_instance_id, planned_hours) VALUES (7, 119, 22);
INSERT INTO allocated_activity (employee_id, planned_activity_id, allocated_hours) VALUES (71, 565, 22);
INSERT INTO planned_activity (teaching_activity_id, course_instance_id, planned_hours) VALUES (6, 119, 76);
INSERT INTO allocated_activity (employee_id, planned_activity_id, allocated_hours) VALUES (71, 566, 76);
INSERT INTO course_instance (course_layout_id, num_students, study_year) VALUES (7, 77, '2025');
INSERT INTO course_instance_period (course_instance_id, study_period) VALUES (120, 'P1');
INSERT INTO planned_activity (teaching_activity_id, course_instance_id, planned_hours) VALUES (1, 120, 26);
INSERT INTO allocated_activity (employee_id, planned_activity_id, allocated_hours) VALUES (42, 567, 26);
INSERT INTO planned_activity (teaching_activity_id, course_instance_id, planned_hours) VALUES (3, 120, 13);
INSERT INTO allocated_activity (employee_id, planned_activity_id, allocated_hours) VALUES (38, 568, 13);
INSERT INTO planned_activity (teaching_activity_id, course_instance_id, planned_hours) VALUES (4, 120, 11);
INSERT INTO allocated_activity (employee_id, planned_activity_id, allocated_hours) VALUES (93, 569, 11);
INSERT INTO planned_activity (teaching_activity_id, course_instance_id, planned_hours) VALUES (7, 120, 36);
INSERT INTO allocated_activity (employee_id, planned_activity_id, allocated_hours) VALUES (42, 570, 36);
INSERT INTO planned_activity (teaching_activity_id, course_instance_id, planned_hours) VALUES (6, 120, 45);
INSERT INTO allocated_activity (employee_id, planned_activity_id, allocated_hours) VALUES (42, 571, 45);
INSERT INTO course_instance (course_layout_id, num_students, study_year) VALUES (8, 77, '2025');
INSERT INTO course_instance_period (course_instance_id, study_period) VALUES (121, 'P1');
INSERT INTO planned_activity (teaching_activity_id, course_instance_id, planned_hours) VALUES (1, 121, 20);
INSERT INTO allocated_activity (employee_id, planned_activity_id, allocated_hours) VALUES (16, 572, 20);
INSERT INTO planned_activity (teaching_activity_id, course_instance_id, planned_hours) VALUES (3, 121, 20);
INSERT INTO allocated_activity (employee_id, planned_activity_id, allocated_hours) VALUES (53, 573, 20);
INSERT INTO planned_activity (teaching_activity_id, course_instance_id, planned_hours) VALUES (4, 121, 12);
INSERT INTO allocated_activity (employee_id, planned_activity_id, allocated_hours) VALUES (26, 574, 12);
INSERT INTO planned_activity (teaching_activity_id, course_instance_id, planned_hours) VALUES (7, 121, 50);
INSERT INTO allocated_activity (employee_id, planned_activity_id, allocated_hours) VALUES (16, 575, 50);
INSERT INTO planned_activity (teaching_activity_id, course_instance_id, planned_hours) VALUES (6, 121, 77);
INSERT INTO allocated_activity (employee_id, planned_activity_id, allocated_hours) VALUES (16, 576, 77);
INSERT INTO course_instance (course_layout_id, num_students, study_year) VALUES (11, 45, '2025');
INSERT INTO course_instance_period (course_instance_id, study_period) VALUES (122, 'P1');
INSERT INTO planned_activity (teaching_activity_id, course_instance_id, planned_hours) VALUES (1, 122, 27);
INSERT INTO allocated_activity (employee_id, planned_activity_id, allocated_hours) VALUES (15, 577, 27);
INSERT INTO planned_activity (teaching_activity_id, course_instance_id, planned_hours) VALUES (3, 122, 12);
INSERT INTO allocated_activity (employee_id, planned_activity_id, allocated_hours) VALUES (37, 578, 12);
INSERT INTO planned_activity (teaching_activity_id, course_instance_id, planned_hours) VALUES (4, 122, 14);
INSERT INTO allocated_activity (employee_id, planned_activity_id, allocated_hours) VALUES (94, 579, 14);
INSERT INTO planned_activity (teaching_activity_id, course_instance_id, planned_hours) VALUES (7, 122, 21);
INSERT INTO allocated_activity (employee_id, planned_activity_id, allocated_hours) VALUES (15, 580, 21);
INSERT INTO planned_activity (teaching_activity_id, course_instance_id, planned_hours) VALUES (6, 122, 48);
INSERT INTO allocated_activity (employee_id, planned_activity_id, allocated_hours) VALUES (15, 581, 48);
INSERT INTO course_instance (course_layout_id, num_students, study_year) VALUES (13, 43, '2025');
INSERT INTO course_instance_period (course_instance_id, study_period) VALUES (123, 'P1');
INSERT INTO planned_activity (teaching_activity_id, course_instance_id, planned_hours) VALUES (1, 123, 20);
INSERT INTO allocated_activity (employee_id, planned_activity_id, allocated_hours) VALUES (45, 582, 20);
INSERT INTO planned_activity (teaching_activity_id, course_instance_id, planned_hours) VALUES (3, 123, 16);
INSERT INTO allocated_activity (employee_id, planned_activity_id, allocated_hours) VALUES (18, 583, 16);
INSERT INTO planned_activity (teaching_activity_id, course_instance_id, planned_hours) VALUES (4, 123, 15);
INSERT INTO allocated_activity (employee_id, planned_activity_id, allocated_hours) VALUES (70, 584, 15);
INSERT INTO planned_activity (teaching_activity_id, course_instance_id, planned_hours) VALUES (5, 123, 20);
INSERT INTO allocated_activity (employee_id, planned_activity_id, allocated_hours) VALUES (19, 585, 20);
INSERT INTO planned_activity (teaching_activity_id, course_instance_id, planned_hours) VALUES (7, 123, 59);
INSERT INTO allocated_activity (employee_id, planned_activity_id, allocated_hours) VALUES (45, 586, 59);
INSERT INTO planned_activity (teaching_activity_id, course_instance_id, planned_hours) VALUES (6, 123, 35);
INSERT INTO allocated_activity (employee_id, planned_activity_id, allocated_hours) VALUES (86, 587, 35);
INSERT INTO course_instance (course_layout_id, num_students, study_year) VALUES (14, 131, '2025');
INSERT INTO course_instance_period (course_instance_id, study_period) VALUES (124, 'P1');
INSERT INTO planned_activity (teaching_activity_id, course_instance_id, planned_hours) VALUES (1, 124, 13);
INSERT INTO allocated_activity (employee_id, planned_activity_id, allocated_hours) VALUES (80, 588, 13);
INSERT INTO planned_activity (teaching_activity_id, course_instance_id, planned_hours) VALUES (3, 124, 13);
INSERT INTO allocated_activity (employee_id, planned_activity_id, allocated_hours) VALUES (99, 589, 13);
INSERT INTO planned_activity (teaching_activity_id, course_instance_id, planned_hours) VALUES (7, 124, 59);
INSERT INTO allocated_activity (employee_id, planned_activity_id, allocated_hours) VALUES (80, 590, 59);
INSERT INTO planned_activity (teaching_activity_id, course_instance_id, planned_hours) VALUES (6, 124, 63);
INSERT INTO allocated_activity (employee_id, planned_activity_id, allocated_hours) VALUES (80, 591, 63);
INSERT INTO course_instance (course_layout_id, num_students, study_year) VALUES (15, 165, '2025');
INSERT INTO course_instance_period (course_instance_id, study_period) VALUES (125, 'P1');
INSERT INTO planned_activity (teaching_activity_id, course_instance_id, planned_hours) VALUES (1, 125, 30);
INSERT INTO allocated_activity (employee_id, planned_activity_id, allocated_hours) VALUES (22, 592, 30);
INSERT INTO planned_activity (teaching_activity_id, course_instance_id, planned_hours) VALUES (3, 125, 19);
INSERT INTO allocated_activity (employee_id, planned_activity_id, allocated_hours) VALUES (44, 593, 19);
INSERT INTO planned_activity (teaching_activity_id, course_instance_id, planned_hours) VALUES (4, 125, 13);
INSERT INTO allocated_activity (employee_id, planned_activity_id, allocated_hours) VALUES (63, 594, 13);
INSERT INTO planned_activity (teaching_activity_id, course_instance_id, planned_hours) VALUES (7, 125, 28);
INSERT INTO allocated_activity (employee_id, planned_activity_id, allocated_hours) VALUES (22, 595, 28);
INSERT INTO planned_activity (teaching_activity_id, course_instance_id, planned_hours) VALUES (6, 125, 68);
INSERT INTO allocated_activity (employee_id, planned_activity_id, allocated_hours) VALUES (22, 596, 68);
INSERT INTO course_instance (course_layout_id, num_students, study_year) VALUES (16, 139, '2025');
INSERT INTO course_instance_period (course_instance_id, study_period) VALUES (126, 'P1');
INSERT INTO planned_activity (teaching_activity_id, course_instance_id, planned_hours) VALUES (1, 126, 16);
INSERT INTO allocated_activity (employee_id, planned_activity_id, allocated_hours) VALUES (66, 597, 16);
INSERT INTO planned_activity (teaching_activity_id, course_instance_id, planned_hours) VALUES (3, 126, 15);
INSERT INTO allocated_activity (employee_id, planned_activity_id, allocated_hours) VALUES (97, 598, 15);
INSERT INTO planned_activity (teaching_activity_id, course_instance_id, planned_hours) VALUES (7, 126, 58);
INSERT INTO allocated_activity (employee_id, planned_activity_id, allocated_hours) VALUES (80, 599, 58);
INSERT INTO planned_activity (teaching_activity_id, course_instance_id, planned_hours) VALUES (6, 126, 32);
INSERT INTO allocated_activity (employee_id, planned_activity_id, allocated_hours) VALUES (66, 600, 32);
INSERT INTO course_instance (course_layout_id, num_students, study_year) VALUES (18, 114, '2025');
INSERT INTO course_instance_period (course_instance_id, study_period) VALUES (127, 'P1');
INSERT INTO planned_activity (teaching_activity_id, course_instance_id, planned_hours) VALUES (1, 127, 15);
INSERT INTO allocated_activity (employee_id, planned_activity_id, allocated_hours) VALUES (9, 601, 15);
INSERT INTO planned_activity (teaching_activity_id, course_instance_id, planned_hours) VALUES (2, 127, 54);
INSERT INTO allocated_activity (employee_id, planned_activity_id, allocated_hours) VALUES (75, 602, 54);
INSERT INTO planned_activity (teaching_activity_id, course_instance_id, planned_hours) VALUES (4, 127, 17);
INSERT INTO allocated_activity (employee_id, planned_activity_id, allocated_hours) VALUES (12, 603, 17);
INSERT INTO planned_activity (teaching_activity_id, course_instance_id, planned_hours) VALUES (7, 127, 41);
INSERT INTO allocated_activity (employee_id, planned_activity_id, allocated_hours) VALUES (9, 604, 41);
INSERT INTO planned_activity (teaching_activity_id, course_instance_id, planned_hours) VALUES (6, 127, 64);
INSERT INTO allocated_activity (employee_id, planned_activity_id, allocated_hours) VALUES (9, 605, 64);
INSERT INTO course_instance (course_layout_id, num_students, study_year) VALUES (20, 57, '2025');
INSERT INTO course_instance_period (course_instance_id, study_period) VALUES (128, 'P1');
INSERT INTO planned_activity (teaching_activity_id, course_instance_id, planned_hours) VALUES (1, 128, 22);
INSERT INTO allocated_activity (employee_id, planned_activity_id, allocated_hours) VALUES (100, 606, 22);
INSERT INTO planned_activity (teaching_activity_id, course_instance_id, planned_hours) VALUES (3, 128, 13);
INSERT INTO allocated_activity (employee_id, planned_activity_id, allocated_hours) VALUES (81, 607, 13);
INSERT INTO planned_activity (teaching_activity_id, course_instance_id, planned_hours) VALUES (4, 128, 14);
INSERT INTO allocated_activity (employee_id, planned_activity_id, allocated_hours) VALUES (72, 608, 14);
INSERT INTO planned_activity (teaching_activity_id, course_instance_id, planned_hours) VALUES (7, 128, 23);
INSERT INTO allocated_activity (employee_id, planned_activity_id, allocated_hours) VALUES (100, 609, 23);
INSERT INTO planned_activity (teaching_activity_id, course_instance_id, planned_hours) VALUES (6, 128, 76);
INSERT INTO allocated_activity (employee_id, planned_activity_id, allocated_hours) VALUES (53, 610, 76);
INSERT INTO course_instance (course_layout_id, num_students, study_year) VALUES (22, 170, '2025');
INSERT INTO course_instance_period (course_instance_id, study_period) VALUES (129, 'P1');
INSERT INTO planned_activity (teaching_activity_id, course_instance_id, planned_hours) VALUES (1, 129, 18);
INSERT INTO allocated_activity (employee_id, planned_activity_id, allocated_hours) VALUES (100, 611, 18);
INSERT INTO planned_activity (teaching_activity_id, course_instance_id, planned_hours) VALUES (2, 129, 35);
INSERT INTO allocated_activity (employee_id, planned_activity_id, allocated_hours) VALUES (89, 612, 35);
INSERT INTO planned_activity (teaching_activity_id, course_instance_id, planned_hours) VALUES (7, 129, 54);
INSERT INTO allocated_activity (employee_id, planned_activity_id, allocated_hours) VALUES (100, 613, 54);
INSERT INTO planned_activity (teaching_activity_id, course_instance_id, planned_hours) VALUES (6, 129, 51);
INSERT INTO allocated_activity (employee_id, planned_activity_id, allocated_hours) VALUES (100, 614, 51);
INSERT INTO course_instance (course_layout_id, num_students, study_year) VALUES (4, 123, '2025');
INSERT INTO course_instance_period (course_instance_id, study_period) VALUES (130, 'P2');
INSERT INTO planned_activity (teaching_activity_id, course_instance_id, planned_hours) VALUES (1, 130, 16);
INSERT INTO allocated_activity (employee_id, planned_activity_id, allocated_hours) VALUES (62, 615, 16);
INSERT INTO planned_activity (teaching_activity_id, course_instance_id, planned_hours) VALUES (2, 130, 35);
INSERT INTO allocated_activity (employee_id, planned_activity_id, allocated_hours) VALUES (37, 616, 35);
INSERT INTO planned_activity (teaching_activity_id, course_instance_id, planned_hours) VALUES (4, 130, 12);
INSERT INTO allocated_activity (employee_id, planned_activity_id, allocated_hours) VALUES (72, 617, 12);
INSERT INTO planned_activity (teaching_activity_id, course_instance_id, planned_hours) VALUES (7, 130, 55);
INSERT INTO allocated_activity (employee_id, planned_activity_id, allocated_hours) VALUES (62, 618, 55);
INSERT INTO planned_activity (teaching_activity_id, course_instance_id, planned_hours) VALUES (6, 130, 63);
INSERT INTO allocated_activity (employee_id, planned_activity_id, allocated_hours) VALUES (62, 619, 63);
INSERT INTO course_instance (course_layout_id, num_students, study_year) VALUES (7, 141, '2025');
INSERT INTO course_instance_period (course_instance_id, study_period) VALUES (131, 'P2');
INSERT INTO planned_activity (teaching_activity_id, course_instance_id, planned_hours) VALUES (1, 131, 13);
INSERT INTO allocated_activity (employee_id, planned_activity_id, allocated_hours) VALUES (43, 620, 13);
INSERT INTO planned_activity (teaching_activity_id, course_instance_id, planned_hours) VALUES (3, 131, 10);
INSERT INTO allocated_activity (employee_id, planned_activity_id, allocated_hours) VALUES (49, 621, 10);
INSERT INTO planned_activity (teaching_activity_id, course_instance_id, planned_hours) VALUES (4, 131, 12);
INSERT INTO allocated_activity (employee_id, planned_activity_id, allocated_hours) VALUES (16, 622, 12);
INSERT INTO planned_activity (teaching_activity_id, course_instance_id, planned_hours) VALUES (7, 131, 35);
INSERT INTO allocated_activity (employee_id, planned_activity_id, allocated_hours) VALUES (43, 623, 35);
INSERT INTO planned_activity (teaching_activity_id, course_instance_id, planned_hours) VALUES (6, 131, 62);
INSERT INTO allocated_activity (employee_id, planned_activity_id, allocated_hours) VALUES (43, 624, 62);
INSERT INTO course_instance (course_layout_id, num_students, study_year) VALUES (8, 151, '2025');
INSERT INTO course_instance_period (course_instance_id, study_period) VALUES (132, 'P2');
INSERT INTO planned_activity (teaching_activity_id, course_instance_id, planned_hours) VALUES (1, 132, 21);
INSERT INTO allocated_activity (employee_id, planned_activity_id, allocated_hours) VALUES (48, 625, 21);
INSERT INTO planned_activity (teaching_activity_id, course_instance_id, planned_hours) VALUES (3, 132, 19);
INSERT INTO allocated_activity (employee_id, planned_activity_id, allocated_hours) VALUES (14, 626, 19);
INSERT INTO planned_activity (teaching_activity_id, course_instance_id, planned_hours) VALUES (4, 132, 11);
INSERT INTO allocated_activity (employee_id, planned_activity_id, allocated_hours) VALUES (52, 627, 11);
INSERT INTO planned_activity (teaching_activity_id, course_instance_id, planned_hours) VALUES (7, 132, 41);
INSERT INTO allocated_activity (employee_id, planned_activity_id, allocated_hours) VALUES (48, 628, 41);
INSERT INTO planned_activity (teaching_activity_id, course_instance_id, planned_hours) VALUES (6, 132, 71);
INSERT INTO allocated_activity (employee_id, planned_activity_id, allocated_hours) VALUES (48, 629, 71);
INSERT INTO course_instance (course_layout_id, num_students, study_year) VALUES (9, 51, '2025');
INSERT INTO course_instance_period (course_instance_id, study_period) VALUES (133, 'P2');
INSERT INTO planned_activity (teaching_activity_id, course_instance_id, planned_hours) VALUES (1, 133, 18);
INSERT INTO allocated_activity (employee_id, planned_activity_id, allocated_hours) VALUES (94, 630, 18);
INSERT INTO planned_activity (teaching_activity_id, course_instance_id, planned_hours) VALUES (3, 133, 17);
INSERT INTO allocated_activity (employee_id, planned_activity_id, allocated_hours) VALUES (19, 631, 17);
INSERT INTO planned_activity (teaching_activity_id, course_instance_id, planned_hours) VALUES (7, 133, 24);
INSERT INTO allocated_activity (employee_id, planned_activity_id, allocated_hours) VALUES (94, 632, 24);
INSERT INTO planned_activity (teaching_activity_id, course_instance_id, planned_hours) VALUES (6, 133, 45);
INSERT INTO allocated_activity (employee_id, planned_activity_id, allocated_hours) VALUES (55, 633, 45);
INSERT INTO course_instance (course_layout_id, num_students, study_year) VALUES (10, 37, '2025');
INSERT INTO course_instance_period (course_instance_id, study_period) VALUES (134, 'P2');
INSERT INTO planned_activity (teaching_activity_id, course_instance_id, planned_hours) VALUES (1, 134, 20);
INSERT INTO allocated_activity (employee_id, planned_activity_id, allocated_hours) VALUES (39, 634, 20);
INSERT INTO planned_activity (teaching_activity_id, course_instance_id, planned_hours) VALUES (3, 134, 11);
INSERT INTO allocated_activity (employee_id, planned_activity_id, allocated_hours) VALUES (25, 635, 11);
INSERT INTO planned_activity (teaching_activity_id, course_instance_id, planned_hours) VALUES (4, 134, 19);
INSERT INTO allocated_activity (employee_id, planned_activity_id, allocated_hours) VALUES (25, 636, 19);
INSERT INTO planned_activity (teaching_activity_id, course_instance_id, planned_hours) VALUES (7, 134, 53);
INSERT INTO allocated_activity (employee_id, planned_activity_id, allocated_hours) VALUES (39, 637, 53);
INSERT INTO planned_activity (teaching_activity_id, course_instance_id, planned_hours) VALUES (6, 134, 36);
INSERT INTO allocated_activity (employee_id, planned_activity_id, allocated_hours) VALUES (30, 638, 36);
INSERT INTO course_instance (course_layout_id, num_students, study_year) VALUES (12, 101, '2025');
INSERT INTO course_instance_period (course_instance_id, study_period) VALUES (135, 'P2');
INSERT INTO planned_activity (teaching_activity_id, course_instance_id, planned_hours) VALUES (1, 135, 15);
INSERT INTO allocated_activity (employee_id, planned_activity_id, allocated_hours) VALUES (51, 639, 15);
INSERT INTO planned_activity (teaching_activity_id, course_instance_id, planned_hours) VALUES (2, 135, 34);
INSERT INTO allocated_activity (employee_id, planned_activity_id, allocated_hours) VALUES (39, 640, 34);
INSERT INTO planned_activity (teaching_activity_id, course_instance_id, planned_hours) VALUES (4, 135, 15);
INSERT INTO allocated_activity (employee_id, planned_activity_id, allocated_hours) VALUES (97, 641, 15);
INSERT INTO planned_activity (teaching_activity_id, course_instance_id, planned_hours) VALUES (7, 135, 26);
INSERT INTO allocated_activity (employee_id, planned_activity_id, allocated_hours) VALUES (51, 642, 26);
INSERT INTO planned_activity (teaching_activity_id, course_instance_id, planned_hours) VALUES (6, 135, 48);
INSERT INTO allocated_activity (employee_id, planned_activity_id, allocated_hours) VALUES (51, 643, 48);
INSERT INTO course_instance (course_layout_id, num_students, study_year) VALUES (16, 38, '2025');
INSERT INTO course_instance_period (course_instance_id, study_period) VALUES (136, 'P2');
INSERT INTO planned_activity (teaching_activity_id, course_instance_id, planned_hours) VALUES (1, 136, 22);
INSERT INTO allocated_activity (employee_id, planned_activity_id, allocated_hours) VALUES (24, 644, 22);
INSERT INTO planned_activity (teaching_activity_id, course_instance_id, planned_hours) VALUES (3, 136, 15);
INSERT INTO allocated_activity (employee_id, planned_activity_id, allocated_hours) VALUES (32, 645, 15);
INSERT INTO planned_activity (teaching_activity_id, course_instance_id, planned_hours) VALUES (4, 136, 18);
INSERT INTO allocated_activity (employee_id, planned_activity_id, allocated_hours) VALUES (94, 646, 18);
INSERT INTO planned_activity (teaching_activity_id, course_instance_id, planned_hours) VALUES (7, 136, 39);
INSERT INTO allocated_activity (employee_id, planned_activity_id, allocated_hours) VALUES (24, 647, 39);
INSERT INTO planned_activity (teaching_activity_id, course_instance_id, planned_hours) VALUES (6, 136, 74);
INSERT INTO allocated_activity (employee_id, planned_activity_id, allocated_hours) VALUES (17, 648, 74);
INSERT INTO course_instance (course_layout_id, num_students, study_year) VALUES (17, 175, '2025');
INSERT INTO course_instance_period (course_instance_id, study_period) VALUES (137, 'P2');
INSERT INTO planned_activity (teaching_activity_id, course_instance_id, planned_hours) VALUES (1, 137, 16);
INSERT INTO allocated_activity (employee_id, planned_activity_id, allocated_hours) VALUES (89, 649, 16);
INSERT INTO planned_activity (teaching_activity_id, course_instance_id, planned_hours) VALUES (3, 137, 19);
INSERT INTO allocated_activity (employee_id, planned_activity_id, allocated_hours) VALUES (7, 650, 19);
INSERT INTO planned_activity (teaching_activity_id, course_instance_id, planned_hours) VALUES (7, 137, 21);
INSERT INTO allocated_activity (employee_id, planned_activity_id, allocated_hours) VALUES (89, 651, 21);
INSERT INTO planned_activity (teaching_activity_id, course_instance_id, planned_hours) VALUES (6, 137, 66);
INSERT INTO allocated_activity (employee_id, planned_activity_id, allocated_hours) VALUES (89, 652, 66);
INSERT INTO course_instance (course_layout_id, num_students, study_year) VALUES (18, 57, '2025');
INSERT INTO course_instance_period (course_instance_id, study_period) VALUES (138, 'P2');
INSERT INTO planned_activity (teaching_activity_id, course_instance_id, planned_hours) VALUES (1, 138, 20);
INSERT INTO allocated_activity (employee_id, planned_activity_id, allocated_hours) VALUES (72, 653, 20);
INSERT INTO planned_activity (teaching_activity_id, course_instance_id, planned_hours) VALUES (3, 138, 16);
INSERT INTO allocated_activity (employee_id, planned_activity_id, allocated_hours) VALUES (6, 654, 16);
INSERT INTO planned_activity (teaching_activity_id, course_instance_id, planned_hours) VALUES (4, 138, 18);
INSERT INTO allocated_activity (employee_id, planned_activity_id, allocated_hours) VALUES (100, 655, 18);
INSERT INTO planned_activity (teaching_activity_id, course_instance_id, planned_hours) VALUES (7, 138, 29);
INSERT INTO allocated_activity (employee_id, planned_activity_id, allocated_hours) VALUES (72, 656, 29);
INSERT INTO planned_activity (teaching_activity_id, course_instance_id, planned_hours) VALUES (6, 138, 56);
INSERT INTO allocated_activity (employee_id, planned_activity_id, allocated_hours) VALUES (72, 657, 56);
INSERT INTO course_instance (course_layout_id, num_students, study_year) VALUES (19, 132, '2025');
INSERT INTO course_instance_period (course_instance_id, study_period) VALUES (139, 'P2');
INSERT INTO planned_activity (teaching_activity_id, course_instance_id, planned_hours) VALUES (1, 139, 18);
INSERT INTO allocated_activity (employee_id, planned_activity_id, allocated_hours) VALUES (77, 658, 18);
INSERT INTO planned_activity (teaching_activity_id, course_instance_id, planned_hours) VALUES (3, 139, 18);
INSERT INTO allocated_activity (employee_id, planned_activity_id, allocated_hours) VALUES (93, 659, 18);
INSERT INTO planned_activity (teaching_activity_id, course_instance_id, planned_hours) VALUES (4, 139, 13);
INSERT INTO allocated_activity (employee_id, planned_activity_id, allocated_hours) VALUES (75, 660, 13);
INSERT INTO planned_activity (teaching_activity_id, course_instance_id, planned_hours) VALUES (7, 139, 37);
INSERT INTO allocated_activity (employee_id, planned_activity_id, allocated_hours) VALUES (77, 661, 37);
INSERT INTO planned_activity (teaching_activity_id, course_instance_id, planned_hours) VALUES (6, 139, 78);
INSERT INTO allocated_activity (employee_id, planned_activity_id, allocated_hours) VALUES (77, 662, 78);
INSERT INTO course_instance (course_layout_id, num_students, study_year) VALUES (20, 104, '2025');
INSERT INTO course_instance_period (course_instance_id, study_period) VALUES (140, 'P2');
INSERT INTO planned_activity (teaching_activity_id, course_instance_id, planned_hours) VALUES (1, 140, 17);
INSERT INTO allocated_activity (employee_id, planned_activity_id, allocated_hours) VALUES (97, 663, 17);
INSERT INTO planned_activity (teaching_activity_id, course_instance_id, planned_hours) VALUES (3, 140, 16);
INSERT INTO allocated_activity (employee_id, planned_activity_id, allocated_hours) VALUES (96, 664, 16);
INSERT INTO planned_activity (teaching_activity_id, course_instance_id, planned_hours) VALUES (7, 140, 32);
INSERT INTO allocated_activity (employee_id, planned_activity_id, allocated_hours) VALUES (97, 665, 32);
INSERT INTO planned_activity (teaching_activity_id, course_instance_id, planned_hours) VALUES (6, 140, 42);
INSERT INTO allocated_activity (employee_id, planned_activity_id, allocated_hours) VALUES (97, 666, 42);
INSERT INTO course_instance (course_layout_id, num_students, study_year) VALUES (21, 161, '2025');
INSERT INTO course_instance_period (course_instance_id, study_period) VALUES (141, 'P2');
INSERT INTO planned_activity (teaching_activity_id, course_instance_id, planned_hours) VALUES (1, 141, 28);
INSERT INTO allocated_activity (employee_id, planned_activity_id, allocated_hours) VALUES (80, 667, 28);
INSERT INTO planned_activity (teaching_activity_id, course_instance_id, planned_hours) VALUES (3, 141, 20);
INSERT INTO allocated_activity (employee_id, planned_activity_id, allocated_hours) VALUES (7, 668, 20);
INSERT INTO planned_activity (teaching_activity_id, course_instance_id, planned_hours) VALUES (7, 141, 27);
INSERT INTO allocated_activity (employee_id, planned_activity_id, allocated_hours) VALUES (80, 669, 27);
INSERT INTO planned_activity (teaching_activity_id, course_instance_id, planned_hours) VALUES (6, 141, 44);
INSERT INTO allocated_activity (employee_id, planned_activity_id, allocated_hours) VALUES (80, 670, 44);
INSERT INTO course_instance (course_layout_id, num_students, study_year) VALUES (22, 104, '2025');
INSERT INTO course_instance_period (course_instance_id, study_period) VALUES (142, 'P2');
INSERT INTO planned_activity (teaching_activity_id, course_instance_id, planned_hours) VALUES (1, 142, 24);
INSERT INTO allocated_activity (employee_id, planned_activity_id, allocated_hours) VALUES (13, 671, 24);
INSERT INTO planned_activity (teaching_activity_id, course_instance_id, planned_hours) VALUES (3, 142, 11);
INSERT INTO allocated_activity (employee_id, planned_activity_id, allocated_hours) VALUES (70, 672, 11);
INSERT INTO planned_activity (teaching_activity_id, course_instance_id, planned_hours) VALUES (4, 142, 14);
INSERT INTO allocated_activity (employee_id, planned_activity_id, allocated_hours) VALUES (29, 673, 14);
INSERT INTO planned_activity (teaching_activity_id, course_instance_id, planned_hours) VALUES (7, 142, 39);
INSERT INTO allocated_activity (employee_id, planned_activity_id, allocated_hours) VALUES (13, 674, 39);
INSERT INTO planned_activity (teaching_activity_id, course_instance_id, planned_hours) VALUES (6, 142, 69);
INSERT INTO allocated_activity (employee_id, planned_activity_id, allocated_hours) VALUES (13, 675, 69);
INSERT INTO course_instance (course_layout_id, num_students, study_year) VALUES (23, 122, '2025');
INSERT INTO course_instance_period (course_instance_id, study_period) VALUES (143, 'P2');
INSERT INTO planned_activity (teaching_activity_id, course_instance_id, planned_hours) VALUES (1, 143, 24);
INSERT INTO allocated_activity (employee_id, planned_activity_id, allocated_hours) VALUES (20, 676, 24);
INSERT INTO planned_activity (teaching_activity_id, course_instance_id, planned_hours) VALUES (2, 143, 46);
INSERT INTO allocated_activity (employee_id, planned_activity_id, allocated_hours) VALUES (44, 677, 46);
INSERT INTO planned_activity (teaching_activity_id, course_instance_id, planned_hours) VALUES (7, 143, 30);
INSERT INTO allocated_activity (employee_id, planned_activity_id, allocated_hours) VALUES (11, 678, 30);
INSERT INTO planned_activity (teaching_activity_id, course_instance_id, planned_hours) VALUES (6, 143, 62);
INSERT INTO allocated_activity (employee_id, planned_activity_id, allocated_hours) VALUES (11, 679, 62);
INSERT INTO course_instance (course_layout_id, num_students, study_year) VALUES (1, 58, '2025');
INSERT INTO course_instance_period (course_instance_id, study_period) VALUES (144, 'P3');
INSERT INTO planned_activity (teaching_activity_id, course_instance_id, planned_hours) VALUES (1, 144, 26);
INSERT INTO allocated_activity (employee_id, planned_activity_id, allocated_hours) VALUES (30, 680, 26);
INSERT INTO planned_activity (teaching_activity_id, course_instance_id, planned_hours) VALUES (3, 144, 13);
INSERT INTO allocated_activity (employee_id, planned_activity_id, allocated_hours) VALUES (59, 681, 13);
INSERT INTO planned_activity (teaching_activity_id, course_instance_id, planned_hours) VALUES (5, 144, 17);
INSERT INTO allocated_activity (employee_id, planned_activity_id, allocated_hours) VALUES (41, 682, 17);
INSERT INTO planned_activity (teaching_activity_id, course_instance_id, planned_hours) VALUES (7, 144, 56);
INSERT INTO allocated_activity (employee_id, planned_activity_id, allocated_hours) VALUES (30, 683, 56);
INSERT INTO planned_activity (teaching_activity_id, course_instance_id, planned_hours) VALUES (6, 144, 35);
INSERT INTO allocated_activity (employee_id, planned_activity_id, allocated_hours) VALUES (30, 684, 35);
INSERT INTO course_instance (course_layout_id, num_students, study_year) VALUES (2, 102, '2025');
INSERT INTO course_instance_period (course_instance_id, study_period) VALUES (145, 'P3');
INSERT INTO planned_activity (teaching_activity_id, course_instance_id, planned_hours) VALUES (1, 145, 28);
INSERT INTO allocated_activity (employee_id, planned_activity_id, allocated_hours) VALUES (65, 685, 28);
INSERT INTO planned_activity (teaching_activity_id, course_instance_id, planned_hours) VALUES (2, 145, 58);
INSERT INTO allocated_activity (employee_id, planned_activity_id, allocated_hours) VALUES (26, 686, 58);
INSERT INTO planned_activity (teaching_activity_id, course_instance_id, planned_hours) VALUES (7, 145, 39);
INSERT INTO allocated_activity (employee_id, planned_activity_id, allocated_hours) VALUES (18, 687, 39);
INSERT INTO planned_activity (teaching_activity_id, course_instance_id, planned_hours) VALUES (6, 145, 47);
INSERT INTO allocated_activity (employee_id, planned_activity_id, allocated_hours) VALUES (18, 688, 47);
INSERT INTO course_instance (course_layout_id, num_students, study_year) VALUES (7, 96, '2025');
INSERT INTO course_instance_period (course_instance_id, study_period) VALUES (146, 'P3');
INSERT INTO planned_activity (teaching_activity_id, course_instance_id, planned_hours) VALUES (1, 146, 12);
INSERT INTO allocated_activity (employee_id, planned_activity_id, allocated_hours) VALUES (87, 689, 12);
INSERT INTO planned_activity (teaching_activity_id, course_instance_id, planned_hours) VALUES (2, 146, 30);
INSERT INTO allocated_activity (employee_id, planned_activity_id, allocated_hours) VALUES (43, 690, 30);
INSERT INTO planned_activity (teaching_activity_id, course_instance_id, planned_hours) VALUES (4, 146, 15);
INSERT INTO allocated_activity (employee_id, planned_activity_id, allocated_hours) VALUES (69, 691, 15);
INSERT INTO planned_activity (teaching_activity_id, course_instance_id, planned_hours) VALUES (5, 146, 10);
INSERT INTO allocated_activity (employee_id, planned_activity_id, allocated_hours) VALUES (80, 692, 10);
INSERT INTO planned_activity (teaching_activity_id, course_instance_id, planned_hours) VALUES (7, 146, 52);
INSERT INTO allocated_activity (employee_id, planned_activity_id, allocated_hours) VALUES (81, 693, 52);
INSERT INTO planned_activity (teaching_activity_id, course_instance_id, planned_hours) VALUES (6, 146, 30);
INSERT INTO allocated_activity (employee_id, planned_activity_id, allocated_hours) VALUES (87, 694, 30);
INSERT INTO course_instance (course_layout_id, num_students, study_year) VALUES (8, 81, '2025');
INSERT INTO course_instance_period (course_instance_id, study_period) VALUES (147, 'P3');
INSERT INTO planned_activity (teaching_activity_id, course_instance_id, planned_hours) VALUES (1, 147, 20);
INSERT INTO allocated_activity (employee_id, planned_activity_id, allocated_hours) VALUES (85, 695, 20);
INSERT INTO planned_activity (teaching_activity_id, course_instance_id, planned_hours) VALUES (3, 147, 15);
INSERT INTO allocated_activity (employee_id, planned_activity_id, allocated_hours) VALUES (57, 696, 15);
INSERT INTO planned_activity (teaching_activity_id, course_instance_id, planned_hours) VALUES (7, 147, 46);
INSERT INTO allocated_activity (employee_id, planned_activity_id, allocated_hours) VALUES (85, 697, 46);
INSERT INTO planned_activity (teaching_activity_id, course_instance_id, planned_hours) VALUES (6, 147, 36);
INSERT INTO allocated_activity (employee_id, planned_activity_id, allocated_hours) VALUES (85, 698, 36);
INSERT INTO course_instance (course_layout_id, num_students, study_year) VALUES (10, 72, '2025');
INSERT INTO course_instance_period (course_instance_id, study_period) VALUES (148, 'P3');
INSERT INTO planned_activity (teaching_activity_id, course_instance_id, planned_hours) VALUES (1, 148, 11);
INSERT INTO allocated_activity (employee_id, planned_activity_id, allocated_hours) VALUES (35, 699, 11);
INSERT INTO planned_activity (teaching_activity_id, course_instance_id, planned_hours) VALUES (2, 148, 32);
INSERT INTO allocated_activity (employee_id, planned_activity_id, allocated_hours) VALUES (17, 700, 32);
INSERT INTO planned_activity (teaching_activity_id, course_instance_id, planned_hours) VALUES (7, 148, 47);
INSERT INTO allocated_activity (employee_id, planned_activity_id, allocated_hours) VALUES (95, 701, 47);
INSERT INTO planned_activity (teaching_activity_id, course_instance_id, planned_hours) VALUES (6, 148, 35);
INSERT INTO allocated_activity (employee_id, planned_activity_id, allocated_hours) VALUES (95, 702, 35);
INSERT INTO course_instance (course_layout_id, num_students, study_year) VALUES (11, 125, '2025');
INSERT INTO course_instance_period (course_instance_id, study_period) VALUES (149, 'P3');
INSERT INTO planned_activity (teaching_activity_id, course_instance_id, planned_hours) VALUES (1, 149, 23);
INSERT INTO allocated_activity (employee_id, planned_activity_id, allocated_hours) VALUES (8, 703, 23);
INSERT INTO planned_activity (teaching_activity_id, course_instance_id, planned_hours) VALUES (3, 149, 13);
INSERT INTO allocated_activity (employee_id, planned_activity_id, allocated_hours) VALUES (14, 704, 13);
INSERT INTO planned_activity (teaching_activity_id, course_instance_id, planned_hours) VALUES (5, 149, 10);
INSERT INTO allocated_activity (employee_id, planned_activity_id, allocated_hours) VALUES (35, 705, 10);
INSERT INTO planned_activity (teaching_activity_id, course_instance_id, planned_hours) VALUES (7, 149, 24);
INSERT INTO allocated_activity (employee_id, planned_activity_id, allocated_hours) VALUES (41, 706, 24);
INSERT INTO planned_activity (teaching_activity_id, course_instance_id, planned_hours) VALUES (6, 149, 67);
INSERT INTO allocated_activity (employee_id, planned_activity_id, allocated_hours) VALUES (40, 707, 67);
INSERT INTO course_instance (course_layout_id, num_students, study_year) VALUES (12, 174, '2025');
INSERT INTO course_instance_period (course_instance_id, study_period) VALUES (150, 'P3');
INSERT INTO planned_activity (teaching_activity_id, course_instance_id, planned_hours) VALUES (1, 150, 30);
INSERT INTO allocated_activity (employee_id, planned_activity_id, allocated_hours) VALUES (32, 708, 30);
INSERT INTO planned_activity (teaching_activity_id, course_instance_id, planned_hours) VALUES (2, 150, 56);
INSERT INTO allocated_activity (employee_id, planned_activity_id, allocated_hours) VALUES (86, 709, 56);
INSERT INTO planned_activity (teaching_activity_id, course_instance_id, planned_hours) VALUES (4, 150, 10);
INSERT INTO allocated_activity (employee_id, planned_activity_id, allocated_hours) VALUES (18, 710, 10);
INSERT INTO planned_activity (teaching_activity_id, course_instance_id, planned_hours) VALUES (7, 150, 46);
INSERT INTO allocated_activity (employee_id, planned_activity_id, allocated_hours) VALUES (32, 711, 46);
INSERT INTO planned_activity (teaching_activity_id, course_instance_id, planned_hours) VALUES (6, 150, 52);
INSERT INTO allocated_activity (employee_id, planned_activity_id, allocated_hours) VALUES (32, 712, 52);
INSERT INTO course_instance (course_layout_id, num_students, study_year) VALUES (13, 40, '2025');
INSERT INTO course_instance_period (course_instance_id, study_period) VALUES (151, 'P3');
INSERT INTO planned_activity (teaching_activity_id, course_instance_id, planned_hours) VALUES (1, 151, 28);
INSERT INTO allocated_activity (employee_id, planned_activity_id, allocated_hours) VALUES (65, 713, 28);
INSERT INTO planned_activity (teaching_activity_id, course_instance_id, planned_hours) VALUES (3, 151, 13);
INSERT INTO allocated_activity (employee_id, planned_activity_id, allocated_hours) VALUES (71, 714, 13);
INSERT INTO planned_activity (teaching_activity_id, course_instance_id, planned_hours) VALUES (5, 151, 10);
INSERT INTO allocated_activity (employee_id, planned_activity_id, allocated_hours) VALUES (89, 715, 10);
INSERT INTO planned_activity (teaching_activity_id, course_instance_id, planned_hours) VALUES (7, 151, 23);
INSERT INTO allocated_activity (employee_id, planned_activity_id, allocated_hours) VALUES (65, 716, 23);
INSERT INTO planned_activity (teaching_activity_id, course_instance_id, planned_hours) VALUES (6, 151, 47);
INSERT INTO allocated_activity (employee_id, planned_activity_id, allocated_hours) VALUES (65, 717, 47);
INSERT INTO course_instance (course_layout_id, num_students, study_year) VALUES (14, 76, '2025');
INSERT INTO course_instance_period (course_instance_id, study_period) VALUES (152, 'P3');
INSERT INTO planned_activity (teaching_activity_id, course_instance_id, planned_hours) VALUES (1, 152, 18);
INSERT INTO allocated_activity (employee_id, planned_activity_id, allocated_hours) VALUES (93, 718, 18);
INSERT INTO planned_activity (teaching_activity_id, course_instance_id, planned_hours) VALUES (3, 152, 13);
INSERT INTO allocated_activity (employee_id, planned_activity_id, allocated_hours) VALUES (36, 719, 13);
INSERT INTO planned_activity (teaching_activity_id, course_instance_id, planned_hours) VALUES (4, 152, 18);
INSERT INTO allocated_activity (employee_id, planned_activity_id, allocated_hours) VALUES (28, 720, 18);
INSERT INTO planned_activity (teaching_activity_id, course_instance_id, planned_hours) VALUES (7, 152, 26);
INSERT INTO allocated_activity (employee_id, planned_activity_id, allocated_hours) VALUES (93, 721, 26);
INSERT INTO planned_activity (teaching_activity_id, course_instance_id, planned_hours) VALUES (6, 152, 35);
INSERT INTO allocated_activity (employee_id, planned_activity_id, allocated_hours) VALUES (93, 722, 35);
INSERT INTO course_instance (course_layout_id, num_students, study_year) VALUES (15, 113, '2025');
INSERT INTO course_instance_period (course_instance_id, study_period) VALUES (153, 'P3');
INSERT INTO planned_activity (teaching_activity_id, course_instance_id, planned_hours) VALUES (1, 153, 10);
INSERT INTO allocated_activity (employee_id, planned_activity_id, allocated_hours) VALUES (82, 723, 10);
INSERT INTO planned_activity (teaching_activity_id, course_instance_id, planned_hours) VALUES (3, 153, 12);
INSERT INTO allocated_activity (employee_id, planned_activity_id, allocated_hours) VALUES (91, 724, 12);
INSERT INTO planned_activity (teaching_activity_id, course_instance_id, planned_hours) VALUES (7, 153, 36);
INSERT INTO allocated_activity (employee_id, planned_activity_id, allocated_hours) VALUES (82, 725, 36);
INSERT INTO planned_activity (teaching_activity_id, course_instance_id, planned_hours) VALUES (6, 153, 41);
INSERT INTO allocated_activity (employee_id, planned_activity_id, allocated_hours) VALUES (82, 726, 41);
INSERT INTO course_instance (course_layout_id, num_students, study_year) VALUES (16, 107, '2025');
INSERT INTO course_instance_period (course_instance_id, study_period) VALUES (154, 'P3');
INSERT INTO planned_activity (teaching_activity_id, course_instance_id, planned_hours) VALUES (1, 154, 25);
INSERT INTO allocated_activity (employee_id, planned_activity_id, allocated_hours) VALUES (25, 727, 25);
INSERT INTO planned_activity (teaching_activity_id, course_instance_id, planned_hours) VALUES (3, 154, 10);
INSERT INTO allocated_activity (employee_id, planned_activity_id, allocated_hours) VALUES (45, 728, 10);
INSERT INTO planned_activity (teaching_activity_id, course_instance_id, planned_hours) VALUES (7, 154, 40);
INSERT INTO allocated_activity (employee_id, planned_activity_id, allocated_hours) VALUES (25, 729, 40);
INSERT INTO planned_activity (teaching_activity_id, course_instance_id, planned_hours) VALUES (6, 154, 45);
INSERT INTO allocated_activity (employee_id, planned_activity_id, allocated_hours) VALUES (25, 730, 45);
INSERT INTO course_instance (course_layout_id, num_students, study_year) VALUES (17, 129, '2025');
INSERT INTO course_instance_period (course_instance_id, study_period) VALUES (155, 'P3');
INSERT INTO planned_activity (teaching_activity_id, course_instance_id, planned_hours) VALUES (1, 155, 21);
INSERT INTO allocated_activity (employee_id, planned_activity_id, allocated_hours) VALUES (40, 731, 21);
INSERT INTO planned_activity (teaching_activity_id, course_instance_id, planned_hours) VALUES (3, 155, 11);
INSERT INTO allocated_activity (employee_id, planned_activity_id, allocated_hours) VALUES (56, 732, 11);
INSERT INTO planned_activity (teaching_activity_id, course_instance_id, planned_hours) VALUES (7, 155, 55);
INSERT INTO allocated_activity (employee_id, planned_activity_id, allocated_hours) VALUES (40, 733, 55);
INSERT INTO planned_activity (teaching_activity_id, course_instance_id, planned_hours) VALUES (6, 155, 31);
INSERT INTO allocated_activity (employee_id, planned_activity_id, allocated_hours) VALUES (40, 734, 31);
INSERT INTO course_instance (course_layout_id, num_students, study_year) VALUES (19, 92, '2025');
INSERT INTO course_instance_period (course_instance_id, study_period) VALUES (156, 'P3');
INSERT INTO planned_activity (teaching_activity_id, course_instance_id, planned_hours) VALUES (1, 156, 16);
INSERT INTO allocated_activity (employee_id, planned_activity_id, allocated_hours) VALUES (89, 735, 16);
INSERT INTO planned_activity (teaching_activity_id, course_instance_id, planned_hours) VALUES (3, 156, 15);
INSERT INTO allocated_activity (employee_id, planned_activity_id, allocated_hours) VALUES (5, 736, 15);
INSERT INTO planned_activity (teaching_activity_id, course_instance_id, planned_hours) VALUES (4, 156, 10);
INSERT INTO allocated_activity (employee_id, planned_activity_id, allocated_hours) VALUES (99, 737, 10);
INSERT INTO planned_activity (teaching_activity_id, course_instance_id, planned_hours) VALUES (7, 156, 30);
INSERT INTO allocated_activity (employee_id, planned_activity_id, allocated_hours) VALUES (42, 738, 30);
INSERT INTO planned_activity (teaching_activity_id, course_instance_id, planned_hours) VALUES (6, 156, 47);
INSERT INTO allocated_activity (employee_id, planned_activity_id, allocated_hours) VALUES (42, 739, 47);
INSERT INTO course_instance (course_layout_id, num_students, study_year) VALUES (21, 156, '2025');
INSERT INTO course_instance_period (course_instance_id, study_period) VALUES (157, 'P3');
INSERT INTO planned_activity (teaching_activity_id, course_instance_id, planned_hours) VALUES (1, 157, 27);
INSERT INTO allocated_activity (employee_id, planned_activity_id, allocated_hours) VALUES (18, 740, 27);
INSERT INTO planned_activity (teaching_activity_id, course_instance_id, planned_hours) VALUES (3, 157, 17);
INSERT INTO allocated_activity (employee_id, planned_activity_id, allocated_hours) VALUES (54, 741, 17);
INSERT INTO planned_activity (teaching_activity_id, course_instance_id, planned_hours) VALUES (7, 157, 48);
INSERT INTO allocated_activity (employee_id, planned_activity_id, allocated_hours) VALUES (18, 742, 48);
INSERT INTO planned_activity (teaching_activity_id, course_instance_id, planned_hours) VALUES (6, 157, 54);
INSERT INTO allocated_activity (employee_id, planned_activity_id, allocated_hours) VALUES (18, 743, 54);
INSERT INTO course_instance (course_layout_id, num_students, study_year) VALUES (22, 74, '2025');
INSERT INTO course_instance_period (course_instance_id, study_period) VALUES (158, 'P3');
INSERT INTO planned_activity (teaching_activity_id, course_instance_id, planned_hours) VALUES (1, 158, 10);
INSERT INTO allocated_activity (employee_id, planned_activity_id, allocated_hours) VALUES (13, 744, 10);
INSERT INTO planned_activity (teaching_activity_id, course_instance_id, planned_hours) VALUES (3, 158, 12);
INSERT INTO allocated_activity (employee_id, planned_activity_id, allocated_hours) VALUES (13, 745, 12);
INSERT INTO planned_activity (teaching_activity_id, course_instance_id, planned_hours) VALUES (4, 158, 20);
INSERT INTO allocated_activity (employee_id, planned_activity_id, allocated_hours) VALUES (97, 746, 20);
INSERT INTO planned_activity (teaching_activity_id, course_instance_id, planned_hours) VALUES (7, 158, 48);
INSERT INTO allocated_activity (employee_id, planned_activity_id, allocated_hours) VALUES (13, 747, 48);
INSERT INTO planned_activity (teaching_activity_id, course_instance_id, planned_hours) VALUES (6, 158, 66);
INSERT INTO allocated_activity (employee_id, planned_activity_id, allocated_hours) VALUES (13, 748, 66);
INSERT INTO course_instance (course_layout_id, num_students, study_year) VALUES (23, 77, '2025');
INSERT INTO course_instance_period (course_instance_id, study_period) VALUES (159, 'P3');
INSERT INTO planned_activity (teaching_activity_id, course_instance_id, planned_hours) VALUES (1, 159, 23);
INSERT INTO allocated_activity (employee_id, planned_activity_id, allocated_hours) VALUES (37, 749, 23);
INSERT INTO planned_activity (teaching_activity_id, course_instance_id, planned_hours) VALUES (3, 159, 17);
INSERT INTO allocated_activity (employee_id, planned_activity_id, allocated_hours) VALUES (79, 750, 17);
INSERT INTO planned_activity (teaching_activity_id, course_instance_id, planned_hours) VALUES (4, 159, 12);
INSERT INTO allocated_activity (employee_id, planned_activity_id, allocated_hours) VALUES (63, 751, 12);
INSERT INTO planned_activity (teaching_activity_id, course_instance_id, planned_hours) VALUES (7, 159, 34);
INSERT INTO allocated_activity (employee_id, planned_activity_id, allocated_hours) VALUES (37, 752, 34);
INSERT INTO planned_activity (teaching_activity_id, course_instance_id, planned_hours) VALUES (6, 159, 48);
INSERT INTO allocated_activity (employee_id, planned_activity_id, allocated_hours) VALUES (37, 753, 48);
INSERT INTO course_instance (course_layout_id, num_students, study_year) VALUES (24, 96, '2025');
INSERT INTO course_instance_period (course_instance_id, study_period) VALUES (160, 'P3');
INSERT INTO planned_activity (teaching_activity_id, course_instance_id, planned_hours) VALUES (1, 160, 26);
INSERT INTO allocated_activity (employee_id, planned_activity_id, allocated_hours) VALUES (100, 754, 26);
INSERT INTO planned_activity (teaching_activity_id, course_instance_id, planned_hours) VALUES (3, 160, 11);
INSERT INTO allocated_activity (employee_id, planned_activity_id, allocated_hours) VALUES (42, 755, 11);
INSERT INTO planned_activity (teaching_activity_id, course_instance_id, planned_hours) VALUES (4, 160, 19);
INSERT INTO allocated_activity (employee_id, planned_activity_id, allocated_hours) VALUES (97, 756, 19);
INSERT INTO planned_activity (teaching_activity_id, course_instance_id, planned_hours) VALUES (7, 160, 32);
INSERT INTO allocated_activity (employee_id, planned_activity_id, allocated_hours) VALUES (100, 757, 32);
INSERT INTO planned_activity (teaching_activity_id, course_instance_id, planned_hours) VALUES (6, 160, 34);
INSERT INTO allocated_activity (employee_id, planned_activity_id, allocated_hours) VALUES (100, 758, 34);
INSERT INTO course_instance (course_layout_id, num_students, study_year) VALUES (5, 81, '2025');
INSERT INTO course_instance_period (course_instance_id, study_period) VALUES (161, 'P4');
INSERT INTO planned_activity (teaching_activity_id, course_instance_id, planned_hours) VALUES (1, 161, 22);
INSERT INTO allocated_activity (employee_id, planned_activity_id, allocated_hours) VALUES (8, 759, 22);
INSERT INTO planned_activity (teaching_activity_id, course_instance_id, planned_hours) VALUES (3, 161, 19);
INSERT INTO allocated_activity (employee_id, planned_activity_id, allocated_hours) VALUES (89, 760, 19);
INSERT INTO planned_activity (teaching_activity_id, course_instance_id, planned_hours) VALUES (7, 161, 41);
INSERT INTO allocated_activity (employee_id, planned_activity_id, allocated_hours) VALUES (8, 761, 41);
INSERT INTO planned_activity (teaching_activity_id, course_instance_id, planned_hours) VALUES (6, 161, 61);
INSERT INTO allocated_activity (employee_id, planned_activity_id, allocated_hours) VALUES (8, 762, 61);
INSERT INTO course_instance (course_layout_id, num_students, study_year) VALUES (9, 167, '2025');
INSERT INTO course_instance_period (course_instance_id, study_period) VALUES (162, 'P4');
INSERT INTO planned_activity (teaching_activity_id, course_instance_id, planned_hours) VALUES (1, 162, 29);
INSERT INTO allocated_activity (employee_id, planned_activity_id, allocated_hours) VALUES (12, 763, 29);
INSERT INTO planned_activity (teaching_activity_id, course_instance_id, planned_hours) VALUES (3, 162, 16);
INSERT INTO allocated_activity (employee_id, planned_activity_id, allocated_hours) VALUES (9, 764, 16);
INSERT INTO planned_activity (teaching_activity_id, course_instance_id, planned_hours) VALUES (7, 162, 59);
INSERT INTO allocated_activity (employee_id, planned_activity_id, allocated_hours) VALUES (12, 765, 59);
INSERT INTO planned_activity (teaching_activity_id, course_instance_id, planned_hours) VALUES (6, 162, 54);
INSERT INTO allocated_activity (employee_id, planned_activity_id, allocated_hours) VALUES (12, 766, 54);
INSERT INTO course_instance (course_layout_id, num_students, study_year) VALUES (10, 172, '2025');
INSERT INTO course_instance_period (course_instance_id, study_period) VALUES (163, 'P4');
INSERT INTO planned_activity (teaching_activity_id, course_instance_id, planned_hours) VALUES (1, 163, 19);
INSERT INTO allocated_activity (employee_id, planned_activity_id, allocated_hours) VALUES (53, 767, 19);
INSERT INTO planned_activity (teaching_activity_id, course_instance_id, planned_hours) VALUES (2, 163, 38);
INSERT INTO allocated_activity (employee_id, planned_activity_id, allocated_hours) VALUES (2, 768, 38);
INSERT INTO planned_activity (teaching_activity_id, course_instance_id, planned_hours) VALUES (7, 163, 50);
INSERT INTO allocated_activity (employee_id, planned_activity_id, allocated_hours) VALUES (53, 769, 50);
INSERT INTO planned_activity (teaching_activity_id, course_instance_id, planned_hours) VALUES (6, 163, 80);
INSERT INTO allocated_activity (employee_id, planned_activity_id, allocated_hours) VALUES (53, 770, 80);
INSERT INTO course_instance (course_layout_id, num_students, study_year) VALUES (15, 146, '2025');
INSERT INTO course_instance_period (course_instance_id, study_period) VALUES (164, 'P4');
INSERT INTO planned_activity (teaching_activity_id, course_instance_id, planned_hours) VALUES (1, 164, 29);
INSERT INTO allocated_activity (employee_id, planned_activity_id, allocated_hours) VALUES (7, 771, 29);
INSERT INTO planned_activity (teaching_activity_id, course_instance_id, planned_hours) VALUES (3, 164, 18);
INSERT INTO allocated_activity (employee_id, planned_activity_id, allocated_hours) VALUES (88, 772, 18);
INSERT INTO planned_activity (teaching_activity_id, course_instance_id, planned_hours) VALUES (5, 164, 13);
INSERT INTO allocated_activity (employee_id, planned_activity_id, allocated_hours) VALUES (43, 773, 13);
INSERT INTO planned_activity (teaching_activity_id, course_instance_id, planned_hours) VALUES (7, 164, 37);
INSERT INTO allocated_activity (employee_id, planned_activity_id, allocated_hours) VALUES (7, 774, 37);
INSERT INTO planned_activity (teaching_activity_id, course_instance_id, planned_hours) VALUES (6, 164, 52);
INSERT INTO allocated_activity (employee_id, planned_activity_id, allocated_hours) VALUES (7, 775, 52);
INSERT INTO course_instance (course_layout_id, num_students, study_year) VALUES (17, 172, '2025');
INSERT INTO course_instance_period (course_instance_id, study_period) VALUES (165, 'P4');
INSERT INTO planned_activity (teaching_activity_id, course_instance_id, planned_hours) VALUES (1, 165, 25);
INSERT INTO allocated_activity (employee_id, planned_activity_id, allocated_hours) VALUES (2, 776, 25);
INSERT INTO planned_activity (teaching_activity_id, course_instance_id, planned_hours) VALUES (3, 165, 19);
INSERT INTO allocated_activity (employee_id, planned_activity_id, allocated_hours) VALUES (68, 777, 19);
INSERT INTO planned_activity (teaching_activity_id, course_instance_id, planned_hours) VALUES (4, 165, 18);
INSERT INTO allocated_activity (employee_id, planned_activity_id, allocated_hours) VALUES (24, 778, 18);
INSERT INTO planned_activity (teaching_activity_id, course_instance_id, planned_hours) VALUES (5, 165, 11);
INSERT INTO allocated_activity (employee_id, planned_activity_id, allocated_hours) VALUES (23, 779, 11);
INSERT INTO planned_activity (teaching_activity_id, course_instance_id, planned_hours) VALUES (7, 165, 30);
INSERT INTO allocated_activity (employee_id, planned_activity_id, allocated_hours) VALUES (8, 780, 30);
INSERT INTO planned_activity (teaching_activity_id, course_instance_id, planned_hours) VALUES (6, 165, 64);
INSERT INTO allocated_activity (employee_id, planned_activity_id, allocated_hours) VALUES (8, 781, 64);
INSERT INTO course_instance (course_layout_id, num_students, study_year) VALUES (19, 62, '2025');
INSERT INTO course_instance_period (course_instance_id, study_period) VALUES (166, 'P4');
INSERT INTO planned_activity (teaching_activity_id, course_instance_id, planned_hours) VALUES (1, 166, 13);
INSERT INTO allocated_activity (employee_id, planned_activity_id, allocated_hours) VALUES (42, 782, 13);
INSERT INTO planned_activity (teaching_activity_id, course_instance_id, planned_hours) VALUES (3, 166, 20);
INSERT INTO allocated_activity (employee_id, planned_activity_id, allocated_hours) VALUES (69, 783, 20);
INSERT INTO planned_activity (teaching_activity_id, course_instance_id, planned_hours) VALUES (4, 166, 20);
INSERT INTO allocated_activity (employee_id, planned_activity_id, allocated_hours) VALUES (2, 784, 20);
INSERT INTO planned_activity (teaching_activity_id, course_instance_id, planned_hours) VALUES (7, 166, 38);
INSERT INTO allocated_activity (employee_id, planned_activity_id, allocated_hours) VALUES (9, 785, 38);
INSERT INTO planned_activity (teaching_activity_id, course_instance_id, planned_hours) VALUES (6, 166, 34);
INSERT INTO allocated_activity (employee_id, planned_activity_id, allocated_hours) VALUES (17, 786, 34);
INSERT INTO course_instance (course_layout_id, num_students, study_year) VALUES (20, 157, '2025');
INSERT INTO course_instance_period (course_instance_id, study_period) VALUES (167, 'P4');
INSERT INTO planned_activity (teaching_activity_id, course_instance_id, planned_hours) VALUES (1, 167, 12);
INSERT INTO allocated_activity (employee_id, planned_activity_id, allocated_hours) VALUES (67, 787, 12);
INSERT INTO planned_activity (teaching_activity_id, course_instance_id, planned_hours) VALUES (2, 167, 24);
INSERT INTO allocated_activity (employee_id, planned_activity_id, allocated_hours) VALUES (23, 788, 24);
INSERT INTO planned_activity (teaching_activity_id, course_instance_id, planned_hours) VALUES (4, 167, 11);
INSERT INTO allocated_activity (employee_id, planned_activity_id, allocated_hours) VALUES (80, 789, 11);
INSERT INTO planned_activity (teaching_activity_id, course_instance_id, planned_hours) VALUES (7, 167, 39);
INSERT INTO allocated_activity (employee_id, planned_activity_id, allocated_hours) VALUES (67, 790, 39);
INSERT INTO planned_activity (teaching_activity_id, course_instance_id, planned_hours) VALUES (6, 167, 56);
INSERT INTO allocated_activity (employee_id, planned_activity_id, allocated_hours) VALUES (67, 791, 56);
INSERT INTO course_instance (course_layout_id, num_students, study_year) VALUES (21, 43, '2025');
INSERT INTO course_instance_period (course_instance_id, study_period) VALUES (168, 'P4');
INSERT INTO planned_activity (teaching_activity_id, course_instance_id, planned_hours) VALUES (1, 168, 17);
INSERT INTO allocated_activity (employee_id, planned_activity_id, allocated_hours) VALUES (25, 792, 17);
INSERT INTO planned_activity (teaching_activity_id, course_instance_id, planned_hours) VALUES (3, 168, 16);
INSERT INTO allocated_activity (employee_id, planned_activity_id, allocated_hours) VALUES (100, 793, 16);
INSERT INTO planned_activity (teaching_activity_id, course_instance_id, planned_hours) VALUES (5, 168, 17);
INSERT INTO allocated_activity (employee_id, planned_activity_id, allocated_hours) VALUES (27, 794, 17);
INSERT INTO planned_activity (teaching_activity_id, course_instance_id, planned_hours) VALUES (7, 168, 52);
INSERT INTO allocated_activity (employee_id, planned_activity_id, allocated_hours) VALUES (25, 795, 52);
INSERT INTO planned_activity (teaching_activity_id, course_instance_id, planned_hours) VALUES (6, 168, 65);
INSERT INTO allocated_activity (employee_id, planned_activity_id, allocated_hours) VALUES (25, 796, 65);
INSERT INTO course_instance (course_layout_id, num_students, study_year) VALUES (22, 69, '2025');
INSERT INTO course_instance_period (course_instance_id, study_period) VALUES (169, 'P4');
INSERT INTO planned_activity (teaching_activity_id, course_instance_id, planned_hours) VALUES (1, 169, 12);
INSERT INTO allocated_activity (employee_id, planned_activity_id, allocated_hours) VALUES (61, 797, 12);
INSERT INTO planned_activity (teaching_activity_id, course_instance_id, planned_hours) VALUES (3, 169, 12);
INSERT INTO allocated_activity (employee_id, planned_activity_id, allocated_hours) VALUES (29, 798, 12);
INSERT INTO planned_activity (teaching_activity_id, course_instance_id, planned_hours) VALUES (7, 169, 34);
INSERT INTO allocated_activity (employee_id, planned_activity_id, allocated_hours) VALUES (61, 799, 34);
INSERT INTO planned_activity (teaching_activity_id, course_instance_id, planned_hours) VALUES (6, 169, 74);
INSERT INTO allocated_activity (employee_id, planned_activity_id, allocated_hours) VALUES (61, 800, 74);
